state,year,race,births,totalpop,birthrate
Alabama,2016,American Indian or Alaska Native,133,33932,3.92
Alabama,2016,Asian,1041,68864,15.12
Alabama,2016,Black or African American,18181,1303516,13.95
Alabama,2016,Native Hawaiian or Other Pacific Islander,143,5068,28.22
Alabama,2016,White,38778,3372524,11.5
Alabama,2016,More than one race,875,79396,11.02
Alabama,2016,,59151,4863300,12.16
Alabama,2017,American Indian or Alaska Native,150,34108,4.4
Alabama,2017,Asian,1005,71338,14.09
Alabama,2017,Black or African American,18467,1308214,14.12
Alabama,2017,Native Hawaiian or Other Pacific Islander,76,5239,14.51
Alabama,2017,White,38285,3374131,11.35
Alabama,2017,More than one race,958,81717,11.72
Alabama,2017,,58941,4874747,12.09
Alabama,2018,American Indian or Alaska Native,175,34375,5.09
Alabama,2018,Asian,946,73167,12.93
Alabama,2018,Black or African American,17738,1310802,13.53
Alabama,2018,Native Hawaiian or Other Pacific Islander,122,5207,23.43
Alabama,2018,White,37865,3379955,11.2
Alabama,2018,More than one race,915,84365,10.85
Alabama,2018,,57761,4887871,11.82
Alabama,2019,American Indian or Alaska Native,189,34799,5.43
Alabama,2019,Asian,930,73715,12.62
Alabama,2019,Black or African American,18401,1313291,14.01
Alabama,2019,Native Hawaiian or Other Pacific Islander,76,5110,14.87
Alabama,2019,White,37932,3389396,11.19
Alabama,2019,More than one race,1087,86874,12.51
Alabama,2019,,58615,4903185,11.95
Alabama,,,234468,19529103,12.01
Alaska,2016,American Indian or Alaska Native,2195,112404,19.53
Alaska,2016,Asian,729,46912,15.54
Alaska,2016,Black or African American,356,27898,12.76
Alaska,2016,Native Hawaiian or Other Pacific Islander,298,9870,30.19
Alaska,2016,White,6467,490389,13.19
Alaska,2016,More than one race,1164,54421,21.39
Alaska,2016,,11209,741894,15.11
Alaska,2017,American Indian or Alaska Native,1985,112994,17.57
Alaska,2017,Asian,720,47754,15.08
Alaska,2017,Black or African American,377,27595,13.66
Alaska,2017,Native Hawaiian or Other Pacific Islander,326,10084,32.33
Alaska,2017,White,5930,486724,12.18
Alaska,2017,More than one race,1107,54644,20.26
Alaska,2017,,10445,739795,14.12
Alaska,2018,American Indian or Alaska Native,1956,113516,17.23
Alaska,2018,Asian,659,49025,13.44
Alaska,2018,Black or African American,330,27942,11.81
Alaska,2018,Native Hawaiian or Other Pacific Islander,312,10221,30.53
Alaska,2018,White,5723,481879,11.88
Alaska,2018,More than one race,1106,54855,20.16
Alaska,2018,,10086,737438,13.68
Alaska,2019,American Indian or Alaska Native,1949,113953,17.1
Alaska,2019,Asian,613,47799,12.82
Alaska,2019,Black or African American,341,27108,12.58
Alaska,2019,Native Hawaiian or Other Pacific Islander,321,10498,30.58
Alaska,2019,White,5550,477488,11.62
Alaska,2019,More than one race,1048,54699,19.16
Alaska,2019,,9822,731545,13.43
Alaska,,,41562,2950672,14.09
Arizona,2016,American Indian or Alaska Native,5075,371605,13.66
Arizona,2016,Asian,3163,236628,13.37
Arizona,2016,Black or African American,4568,339472,13.46
Arizona,2016,Native Hawaiian or Other Pacific Islander,244,18423,13.24
Arizona,2016,White,69241,5772667,11.99
Arizona,2016,More than one race,2229,192276,11.59
Arizona,2016,,84520,6931071,12.19
Arizona,2017,American Indian or Alaska Native,4868,373532,13.03
Arizona,2017,Asian,3124,247790,12.61
Arizona,2017,Black or African American,4747,349944,13.57
Arizona,2017,Native Hawaiian or Other Pacific Islander,244,19091,12.78
Arizona,2017,White,66790,5827866,11.46
Arizona,2017,More than one race,2099,198047,10.6
Arizona,2017,,81872,7016270,11.67
Arizona,2018,American Indian or Alaska Native,4667,380160,12.28
Arizona,2018,Asian,3016,263696,11.44
Arizona,2018,Black or African American,4793,364280,13.16
Arizona,2018,Native Hawaiian or Other Pacific Islander,288,19789,14.55
Arizona,2018,White,65606,5937806,11.05
Arizona,2018,More than one race,2353,205915,11.43
Arizona,2018,,80723,7171646,11.26
Arizona,2019,American Indian or Alaska Native,4474,385903,11.59
Arizona,2019,Asian,2961,268723,11.02
Arizona,2019,Black or African American,5043,376997,13.38
Arizona,2019,Native Hawaiian or Other Pacific Islander,274,20169,13.59
Arizona,2019,White,64192,6013442,10.67
Arizona,2019,More than one race,2431,213483,11.39
Arizona,2019,,79375,7278717,10.91
Arizona,,,326490,28397704,11.5
Arkansas,2016,American Indian or Alaska Native,270,29049,9.29
Arkansas,2016,Asian,866,47326,18.3
Arkansas,2016,Black or African American,7462,468502,15.93
Arkansas,2016,Native Hawaiian or Other Pacific Islander,469,9000,52.11
Arkansas,2016,White,28583,2373726,12.04
Arkansas,2016,More than one race,624,60645,10.29
Arkansas,2016,,38274,2988248,12.81
Arkansas,2017,American Indian or Alaska Native,290,29722,9.76
Arkansas,2017,Asian,870,49292,17.65
Arkansas,2017,Black or African American,7536,471145,16
Arkansas,2017,Native Hawaiian or Other Pacific Islander,538,9653,55.73
Arkansas,2017,White,27581,2381662,11.58
Arkansas,2017,More than one race,705,62805,11.23
Arkansas,2017,,37520,3004279,12.49
Arkansas,2018,American Indian or Alaska Native,264,30225,8.73
Arkansas,2018,Asian,825,50301,16.4
Arkansas,2018,Black or African American,7271,472287,15.4
Arkansas,2018,Native Hawaiian or Other Pacific Islander,556,10881,51.1
Arkansas,2018,White,27419,2385213,11.5
Arkansas,2018,More than one race,683,64918,10.52
Arkansas,2018,,37018,3013825,12.28
Arkansas,2019,American Indian or Alaska Native,253,30717,8.24
Arkansas,2019,Asian,761,50403,15.1
Arkansas,2019,Black or African American,7362,473048,15.56
Arkansas,2019,Native Hawaiian or Other Pacific Islander,617,11786,52.35
Arkansas,2019,White,26878,2385258,11.27
Arkansas,2019,More than one race,693,66592,10.41
Arkansas,2019,,36564,3017804,12.12
Arkansas,,,149376,12024156,12.42
California,2016,American Indian or Alaska Native,2336,648055,3.6
California,2016,Asian,78683,5817509,13.53
California,2016,Black or African American,26466,2547480,10.39
California,2016,Native Hawaiian or Other Pacific Islander,2101,196944,10.67
California,2016,White,362021,28539253,12.69
California,2016,More than one race,17220,1500776,11.47
California,2016,,488827,39250017,12.45
California,2017,American Indian or Alaska Native,2261,650250,3.48
California,2017,Asian,77274,5993089,12.89
California,2017,Black or African American,26013,2553498,10.19
California,2017,Native Hawaiian or Other Pacific Islander,2019,199449,10.12
California,2017,White,347129,28611160,12.13
California,2017,More than one race,16962,1529207,11.09
California,2017,,471658,39536653,11.93
California,2018,American Indian or Alaska Native,2272,651076,3.49
California,2018,Asian,73760,6063600,12.16
California,2018,Black or African American,24665,2556000,9.65
California,2018,Native Hawaiian or Other Pacific Islander,1963,199872,9.82
California,2018,White,335226,28531740,11.75
California,2018,More than one race,17034,1554757,10.96
California,2018,,454920,39557045,11.5
California,2019,American Indian or Alaska Native,2372,649862,3.65
California,2019,Asian,74102,6110945,12.13
California,2019,Black or African American,25605,2552757,10.03
California,2019,Native Hawaiian or Other Pacific Islander,2003,199805,10.02
California,2019,White,326641,28424739,11.49
California,2019,More than one race,15756,1574115,10.01
California,2019,,446479,39512223,11.3
California,,,1861884,157855938,11.79
Colorado,2016,American Indian or Alaska Native,705,88197,7.99
Colorado,2016,Asian,2880,180510,15.95
Colorado,2016,Black or African American,3638,248833,14.62
Colorado,2016,Native Hawaiian or Other Pacific Islander,189,10602,17.83
Colorado,2016,White,57367,4846441,11.84
Colorado,2016,More than one race,1834,165962,11.05
Colorado,2016,,66613,5540545,12.02
Colorado,2017,American Indian or Alaska Native,749,89116,8.4
Colorado,2017,Asian,2887,188635,15.3
Colorado,2017,Black or African American,3742,253666,14.75
Colorado,2017,Native Hawaiian or Other Pacific Islander,192,10546,18.21
Colorado,2017,White,54932,4894372,11.22
Colorado,2017,More than one race,1880,170819,11.01
Colorado,2017,,64382,5607154,11.48
Colorado,2018,American Indian or Alaska Native,733,91120,8.04
Colorado,2018,Asian,2704,197634,13.68
Colorado,2018,Black or African American,3696,259711,14.23
Colorado,2018,Native Hawaiian or Other Pacific Islander,210,10933,19.21
Colorado,2018,White,53602,4959310,10.81
Colorado,2018,More than one race,1940,176856,10.97
Colorado,2018,,62885,5695564,11.04
Colorado,2019,American Indian or Alaska Native,699,92982,7.52
Colorado,2019,Asian,2714,202664,13.39
Colorado,2019,Black or African American,3620,264479,13.69
Colorado,2019,Native Hawaiian or Other Pacific Islander,226,11329,19.95
Colorado,2019,White,53697,5006612,10.73
Colorado,2019,More than one race,1913,180670,10.59
Colorado,2019,,62869,5758736,10.92
Colorado,,,256749,22601999,11.36
Connecticut,2016,American Indian or Alaska Native,142,19140,7.42
Connecticut,2016,Asian,2758,167870,16.43
Connecticut,2016,Black or African American,5355,421023,12.72
Connecticut,2016,Native Hawaiian or Other Pacific Islander,22,3815,5.77
Connecticut,2016,White,26897,2882093,9.33
Connecticut,2016,More than one race,841,82511,10.19
Connecticut,2016,,36015,3576452,10.07
Connecticut,2017,American Indian or Alaska Native,165,19480,8.47
Connecticut,2017,Asian,2648,173633,15.25
Connecticut,2017,Black or African American,5236,426851,12.27
Connecticut,2017,Native Hawaiian or Other Pacific Islander,19,3845,4.94
Connecticut,2017,White,26292,2879759,9.13
Connecticut,2017,More than one race,861,84616,10.18
Connecticut,2017,,35221,3588184,9.82
Connecticut,2018,American Indian or Alaska Native,210,19943,10.53
Connecticut,2018,Asian,2280,173799,13.12
Connecticut,2018,Black or African American,5291,429298,12.32
Connecticut,2018,Native Hawaiian or Other Pacific Islander,16,3840,4.17
Connecticut,2018,White,26017,2859280,9.1
Connecticut,2018,More than one race,911,86505,10.53
Connecticut,2018,,34725,3572665,9.72
Connecticut,2019,American Indian or Alaska Native,264,20567,12.84
Connecticut,2019,Asian,2248,176579,12.73
Connecticut,2019,Black or African American,5209,434585,11.99
Connecticut,2019,Native Hawaiian or Other Pacific Islander,18,3879,4.64
Connecticut,2019,White,25639,2841541,9.02
Connecticut,2019,More than one race,880,88136,9.98
Connecticut,2019,,34258,3565287,9.61
Connecticut,,,140219,14302588,9.8
Delaware,2016,American Indian or Alaska Native,19,6174,3.08
Delaware,2016,Asian,663,37846,17.52
Delaware,2016,Black or African American,3075,214914,14.31
Delaware,2016,Native Hawaiian or Other Pacific Islander,12,918,13.07
Delaware,2016,White,6942,667809,10.4
Delaware,2016,More than one race,281,24404,11.51
Delaware,2016,,10992,952065,11.55
Delaware,2017,American Indian or Alaska Native,33,6228,5.3
Delaware,2017,Asian,695,39768,17.48
Delaware,2017,Black or African American,3117,219310,14.21
Delaware,2017,White,6669,670512,9.95
Delaware,2017,More than one race,333,25243,13.19
Delaware,2017,,10855,961939,11.28
Delaware,2018,American Indian or Alaska Native,19,6458,2.94
Delaware,2018,Asian,651,39584,16.45
Delaware,2018,Black or African American,3033,222070,13.66
Delaware,2018,White,6597,672019,9.82
Delaware,2018,More than one race,314,25991,12.08
Delaware,2018,,10621,967171,10.98
Delaware,2019,American Indian or Alaska Native,25,6564,3.81
Delaware,2019,Asian,640,39863,16.05
Delaware,2019,Black or African American,3064,225544,13.58
Delaware,2019,Native Hawaiian or Other Pacific Islander,27,1059,25.5
Delaware,2019,White,6433,674075,9.54
Delaware,2019,More than one race,373,26659,13.99
Delaware,2019,,10562,973764,10.85
Delaware,,,43030,3854939,11.16
District of Columbia,2016,American Indian or Alaska Native,16,4196,3.81
District of Columbia,2016,Asian,497,28251,17.59
District of Columbia,2016,Black or African American,5480,325190,16.85
District of Columbia,2016,Native Hawaiian or Other Pacific Islander,19,1041,18.25
District of Columbia,2016,White,3657,303813,12.04
District of Columbia,2016,More than one race,189,18679,10.12
District of Columbia,2016,,9858,681170,14.47
District of Columbia,2017,American Indian or Alaska Native,15,4139,3.62
District of Columbia,2017,Asian,473,29747,15.9
District of Columbia,2017,Black or African American,5202,326807,15.92
District of Columbia,2017,Native Hawaiian or Other Pacific Islander,26,976,26.64
District of Columbia,2017,White,3637,313234,11.61
District of Columbia,2017,More than one race,207,19069,10.86
District of Columbia,2017,,9560,693972,13.78
District of Columbia,2018,American Indian or Alaska Native,25,4296,5.82
District of Columbia,2018,Asian,476,31025,15.34
District of Columbia,2018,Black or African American,4509,326181,13.82
District of Columbia,2018,Native Hawaiian or Other Pacific Islander,49,975,50.26
District of Columbia,2018,White,3971,320374,12.39
District of Columbia,2018,More than one race,182,19604,9.28
District of Columbia,2018,,9212,702455,13.11
District of Columbia,2019,American Indian or Alaska Native,25,4130,6.05
District of Columbia,2019,Asian,422,31502,13.4
District of Columbia,2019,Black or African American,4417,324484,13.61
District of Columbia,2019,Native Hawaiian or Other Pacific Islander,23,923,24.92
District of Columbia,2019,White,3975,324581,12.25
District of Columbia,2019,More than one race,217,20129,10.78
District of Columbia,2019,,9079,705749,12.86
District of Columbia,,,37709,2783346,13.55
Florida,2016,American Indian or Alaska Native,318,102439,3.1
Florida,2016,Asian,8086,587722,13.76
Florida,2016,Black or African American,56594,3471950,16.3
Florida,2016,Native Hawaiian or Other Pacific Islander,190,23107,8.22
Florida,2016,White,157006,15996473,9.82
Florida,2016,More than one race,2828,430748,6.57
Florida,2016,,225022,20612439,10.92
Florida,2017,American Indian or Alaska Native,393,104511,3.76
Florida,2017,Asian,7915,613880,12.89
Florida,2017,Black or African American,57319,3547464,16.16
Florida,2017,Native Hawaiian or Other Pacific Islander,223,23660,9.43
Florida,2017,White,154504,16247613,9.51
Florida,2017,More than one race,3276,447272,7.32
Florida,2017,,223630,20984400,10.66
Florida,2018,American Indian or Alaska Native,472,106984,4.41
Florida,2018,Asian,7394,631737,11.7
Florida,2018,Black or African American,52349,3600121,14.54
Florida,2018,Native Hawaiian or Other Pacific Islander,208,24353,8.54
Florida,2018,White,157945,16472125,9.59
Florida,2018,More than one race,3174,464005,6.84
Florida,2018,,221542,21299325,10.4
Florida,2019,American Indian or Alaska Native,401,108950,3.68
Florida,2019,Asian,7441,634827,11.72
Florida,2019,Black or African American,52202,3633515,14.37
Florida,2019,Native Hawaiian or Other Pacific Islander,198,24641,8.04
Florida,2019,White,156463,16597392,9.43
Florida,2019,More than one race,3297,478412,6.89
Florida,2019,,220002,21477737,10.24
Florida,,,890196,84373901,10.55
Georgia,2016,American Indian or Alaska Native,213,52365,4.07
Georgia,2016,Asian,6434,420391,15.3
Georgia,2016,Black or African American,47765,3301809,14.47
Georgia,2016,Native Hawaiian or Other Pacific Islander,178,11942,14.91
Georgia,2016,White,73014,6311001,11.57
Georgia,2016,More than one race,2438,212863,11.45
Georgia,2016,,130042,10310371,12.61
Georgia,2017,American Indian or Alaska Native,199,53646,3.71
Georgia,2017,Asian,6533,440104,14.84
Georgia,2017,Black or African American,47309,3361924,14.07
Georgia,2017,Native Hawaiian or Other Pacific Islander,178,12198,14.59
Georgia,2017,White,72415,6341768,11.42
Georgia,2017,More than one race,2609,219739,11.87
Georgia,2017,,129243,10429379,12.39
Georgia,2018,American Indian or Alaska Native,177,54882,3.23
Georgia,2018,Asian,6114,453488,13.48
Georgia,2018,Black or African American,45257,3411145,13.27
Georgia,2018,Native Hawaiian or Other Pacific Islander,205,12432,16.49
Georgia,2018,White,71810,6360528,11.29
Georgia,2018,More than one race,2609,227000,11.49
Georgia,2018,,126172,10519475,11.99
Georgia,2019,American Indian or Alaska Native,151,56008,2.7
Georgia,2019,Asian,6093,463966,13.13
Georgia,2019,Black or African American,45271,3458147,13.09
Georgia,2019,Native Hawaiian or Other Pacific Islander,207,12411,16.68
Georgia,2019,White,71961,6391505,11.26
Georgia,2019,More than one race,2688,235386,11.42
Georgia,2019,,126371,10617423,11.9
Georgia,,,511828,41876648,12.22
Hawaii,2016,American Indian or Alaska Native,31,5695,5.44
Hawaii,2016,Asian,4652,539050,8.63
Hawaii,2016,Black or African American,472,31073,15.19
Hawaii,2016,Native Hawaiian or Other Pacific Islander,1767,145368,12.16
Hawaii,2016,White,4706,369064,12.75
Hawaii,2016,More than one race,6431,338307,19.01
Hawaii,2016,,18059,1428557,12.64
Hawaii,2017,American Indian or Alaska Native,41,5574,7.36
Hawaii,2017,Asian,4689,539280,8.69
Hawaii,2017,Black or African American,409,31147,13.13
Hawaii,2017,Native Hawaiian or Other Pacific Islander,1706,145554,11.72
Hawaii,2017,White,4398,366546,12
Hawaii,2017,More than one race,6274,339437,18.48
Hawaii,2017,,17517,1427538,12.27
Hawaii,2018,American Indian or Alaska Native,37,5629,6.57
Hawaii,2018,Asian,4407,534651,8.24
Hawaii,2018,Black or African American,432,31138,13.87
Hawaii,2018,Native Hawaiian or Other Pacific Islander,1713,144806,11.83
Hawaii,2018,White,4265,363549,11.73
Hawaii,2018,More than one race,6118,340718,17.96
Hawaii,2018,,16972,1420491,11.95
Hawaii,2019,American Indian or Alaska Native,31,5570,5.57
Hawaii,2019,Asian,4373,532190,8.22
Hawaii,2019,Black or African American,436,30958,14.08
Hawaii,2019,Native Hawaiian or Other Pacific Islander,1710,143549,11.91
Hawaii,2019,White,4210,361317,11.65
Hawaii,2019,More than one race,6037,342288,17.64
Hawaii,2019,,16797,1415872,11.86
Hawaii,,,69345,5692458,12.18
Idaho,2016,American Indian or Alaska Native,366,29457,12.42
Idaho,2016,Asian,393,24815,15.84
Idaho,2016,Black or African American,244,14183,17.2
Idaho,2016,Native Hawaiian or Other Pacific Islander,65,3514,18.5
Idaho,2016,White,21013,1571098,13.37
Idaho,2016,More than one race,401,40073,10.01
Idaho,2016,,22482,1683140,13.36
Idaho,2017,American Indian or Alaska Native,367,29973,12.24
Idaho,2017,Asian,411,26359,15.59
Idaho,2017,Black or African American,286,15052,19
Idaho,2017,Native Hawaiian or Other Pacific Islander,62,3700,16.76
Idaho,2017,White,20590,1599814,12.87
Idaho,2017,More than one race,465,42045,11.06
Idaho,2017,,22181,1716943,12.92
Idaho,2018,American Indian or Alaska Native,313,30449,10.28
Idaho,2018,Asian,389,27819,13.98
Idaho,2018,Black or African American,286,15775,18.13
Idaho,2018,Native Hawaiian or Other Pacific Islander,81,3883,20.86
Idaho,2018,White,19917,1632188,12.2
Idaho,2018,More than one race,417,44094,9.46
Idaho,2018,,21403,1754208,12.2
Idaho,2019,American Indian or Alaska Native,346,31120,11.12
Idaho,2019,Asian,390,27711,14.07
Idaho,2019,Black or African American,304,16346,18.6
Idaho,2019,Native Hawaiian or Other Pacific Islander,79,3944,20.03
Idaho,2019,White,20437,1662365,12.29
Idaho,2019,More than one race,507,45579,11.12
Idaho,2019,,22063,1787065,12.35
Idaho,,,88129,6941356,12.7
Illinois,2016,American Indian or Alaska Native,150,75564,1.99
Illinois,2016,Asian,10403,708794,14.68
Illinois,2016,Black or African American,27008,1877776,14.38
Illinois,2016,Native Hawaiian or Other Pacific Islander,56,8276,6.77
Illinois,2016,White,114710,9885382,11.6
Illinois,2016,More than one race,2118,245747,8.62
Illinois,2016,,154445,12801539,12.06
Illinois,2017,American Indian or Alaska Native,145,75867,1.91
Illinois,2017,Asian,9980,729694,13.68
Illinois,2017,Black or African American,26874,1872275,14.35
Illinois,2017,Native Hawaiian or Other Pacific Islander,64,8374,7.64
Illinois,2017,White,110092,9864942,11.16
Illinois,2017,More than one race,2235,250871,8.91
Illinois,2017,,149390,12802023,11.67
Illinois,2018,American Indian or Alaska Native,150,75567,1.98
Illinois,2018,Asian,9628,748722,12.86
Illinois,2018,Black or African American,25202,1860190,13.55
Illinois,2018,Native Hawaiian or Other Pacific Islander,54,8445,6.39
Illinois,2018,White,107541,9791840,10.98
Illinois,2018,More than one race,2240,256316,8.74
Illinois,2018,,144815,12741080,11.37
Illinois,2019,American Indian or Alaska Native,121,75500,1.6
Illinois,2019,Asian,9333,747690,12.48
Illinois,2019,Black or African American,23990,1852516,12.95
Illinois,2019,Native Hawaiian or Other Pacific Islander,57,8385,6.8
Illinois,2019,White,104329,9726915,10.73
Illinois,2019,More than one race,2298,260815,8.81
Illinois,2019,,140128,12671821,11.06
Illinois,,,588778,51016463,11.54
Indiana,2016,American Indian or Alaska Native,106,26875,3.94
Indiana,2016,Asian,2504,149209,16.78
Indiana,2016,Black or African American,10202,641409,15.91
Indiana,2016,Native Hawaiian or Other Pacific Islander,67,4214,15.9
Indiana,2016,White,68888,5678630,12.13
Indiana,2016,More than one race,1324,132716,9.98
Indiana,2016,,83091,6633053,12.53
Indiana,2017,American Indian or Alaska Native,93,27274,3.41
Indiana,2017,Asian,2591,157668,16.43
Indiana,2017,Black or African American,10428,649813,16.05
Indiana,2017,Native Hawaiian or Other Pacific Islander,68,4439,15.32
Indiana,2017,White,67573,5690929,11.87
Indiana,2017,More than one race,1417,136695,10.37
Indiana,2017,,82170,6666818,12.33
Indiana,2018,American Indian or Alaska Native,101,27740,3.64
Indiana,2018,Asian,2405,165368,14.54
Indiana,2018,Black or African American,10619,658729,16.12
Indiana,2018,Native Hawaiian or Other Pacific Islander,82,4542,18.05
Indiana,2018,White,66870,5694468,11.74
Indiana,2018,More than one race,1569,141031,11.13
Indiana,2018,,81646,6691878,12.2
Indiana,2019,American Indian or Alaska Native,88,28340,3.11
Indiana,2019,Asian,2333,174750,13.35
Indiana,2019,Black or African American,10630,669596,15.88
Indiana,2019,Native Hawaiian or Other Pacific Islander,87,4539,19.17
Indiana,2019,White,66071,5709592,11.57
Indiana,2019,More than one race,1650,145402,11.35
Indiana,2019,,80859,6732219,12.01
Indiana,,,327766,26723968,12.26
Iowa,2016,American Indian or Alaska Native,204,15924,12.81
Iowa,2016,Asian,1319,78735,16.75
Iowa,2016,Black or African American,2585,114874,22.5
Iowa,2016,Native Hawaiian or Other Pacific Islander,124,3592,34.52
Iowa,2016,White,34576,2864884,12.07
Iowa,2016,More than one race,595,56684,10.5
Iowa,2016,,39403,3134693,12.57
Iowa,2017,American Indian or Alaska Native,250,16222,15.41
Iowa,2017,Asian,1383,82346,16.79
Iowa,2017,Black or African American,2797,120218,23.27
Iowa,2017,Native Hawaiian or Other Pacific Islander,148,3712,39.87
Iowa,2017,White,33197,2864664,11.59
Iowa,2017,More than one race,655,58549,11.19
Iowa,2017,,38430,3145711,12.22
Iowa,2018,American Indian or Alaska Native,243,16681,14.57
Iowa,2018,Asian,1215,85708,14.18
Iowa,2018,Black or African American,2737,124819,21.93
Iowa,2018,Native Hawaiian or Other Pacific Islander,175,4232,41.35
Iowa,2018,White,32695,2864126,11.42
Iowa,2018,More than one race,720,60579,11.89
Iowa,2018,,37785,3156145,11.97
Iowa,2019,American Indian or Alaska Native,231,17060,13.54
Iowa,2019,Asian,1154,84119,13.72
Iowa,2019,Black or African American,2957,128105,23.08
Iowa,2019,Native Hawaiian or Other Pacific Islander,189,4804,39.34
Iowa,2019,White,32400,2859080,11.33
Iowa,2019,More than one race,718,61902,11.6
Iowa,2019,,37649,3155070,11.93
Iowa,,,153267,12591619,12.17
Kansas,2016,American Indian or Alaska Native,209,34616,6.04
Kansas,2016,Asian,1381,86448,15.97
Kansas,2016,Black or African American,2790,179599,15.53
Kansas,2016,Native Hawaiian or Other Pacific Islander,67,3235,20.71
Kansas,2016,White,32816,2518720,13.03
Kansas,2016,More than one race,790,84671,9.33
Kansas,2016,,38053,2907289,13.09
Kansas,2017,American Indian or Alaska Native,211,34664,6.09
Kansas,2017,Asian,1332,89908,14.82
Kansas,2017,Black or African American,2825,179569,15.73
Kansas,2017,Native Hawaiian or Other Pacific Islander,99,3430,28.86
Kansas,2017,White,31094,2519176,12.34
Kansas,2017,More than one race,958,86376,11.09
Kansas,2017,,36519,2913123,12.54
Kansas,2018,American Indian or Alaska Native,199,34817,5.72
Kansas,2018,Asian,1268,91229,13.9
Kansas,2018,Black or African American,2783,178618,15.58
Kansas,2018,Native Hawaiian or Other Pacific Islander,87,3619,24.04
Kansas,2018,White,30945,2515351,12.3
Kansas,2018,More than one race,979,87871,11.14
Kansas,2018,,36261,2911505,12.45
Kansas,2019,American Indian or Alaska Native,212,35063,6.05
Kansas,2019,Asian,1256,92862,13.53
Kansas,2019,Black or African American,2636,178725,14.75
Kansas,2019,Native Hawaiian or Other Pacific Islander,83,3687,22.51
Kansas,2019,White,30276,2513846,12.04
Kansas,2019,More than one race,932,89131,10.46
Kansas,2019,,35395,2913314,12.15
Kansas,,,146228,11645231,12.56
Kentucky,2016,American Indian or Alaska Native,77,13297,5.79
Kentucky,2016,Asian,1250,66230,18.87
Kentucky,2016,Black or African American,5228,367591,14.22
Kentucky,2016,Native Hawaiian or Other Pacific Islander,90,3675,24.49
Kentucky,2016,White,47892,3903419,12.27
Kentucky,2016,More than one race,912,82762,11.02
Kentucky,2016,,55449,4436974,12.5
Kentucky,2017,American Indian or Alaska Native,67,13263,5.05
Kentucky,2017,Asian,1241,69734,17.8
Kentucky,2017,Black or African American,5322,372839,14.27
Kentucky,2017,Native Hawaiian or Other Pacific Islander,102,3848,26.51
Kentucky,2017,White,47098,3908964,12.05
Kentucky,2017,More than one race,922,85541,10.78
Kentucky,2017,,54752,4454189,12.29
Kentucky,2018,American Indian or Alaska Native,84,13412,6.26
Kentucky,2018,Asian,1178,72806,16.18
Kentucky,2018,Black or African American,5219,375972,13.88
Kentucky,2018,Native Hawaiian or Other Pacific Islander,107,4058,26.37
Kentucky,2018,White,46289,3913936,11.83
Kentucky,2018,More than one race,1045,88218,11.85
Kentucky,2018,,53922,4468402,12.07
Kentucky,2019,American Indian or Alaska Native,96,13404,7.16
Kentucky,2019,Asian,1145,71504,16.01
Kentucky,2019,Black or African American,5351,378479,14.14
Kentucky,2019,Native Hawaiian or Other Pacific Islander,96,4192,22.9
Kentucky,2019,White,45299,3909923,11.59
Kentucky,2019,More than one race,1082,90171,12
Kentucky,2019,,53069,4467673,11.88
Kentucky,,,217192,17827238,12.18
Louisiana,2016,American Indian or Alaska Native,374,35976,10.4
Louisiana,2016,Asian,1471,85006,17.3
Louisiana,2016,Black or African American,24726,1524638,16.22
Louisiana,2016,Native Hawaiian or Other Pacific Islander,46,3079,14.94
Louisiana,2016,White,35872,2956505,12.13
Louisiana,2016,More than one race,689,76462,9.01
Louisiana,2016,,63178,4681666,13.49
Louisiana,2017,American Indian or Alaska Native,326,36526,8.93
Louisiana,2017,Asian,1330,87305,15.23
Louisiana,2017,Black or African American,24215,1528167,15.85
Louisiana,2017,Native Hawaiian or Other Pacific Islander,45,2937,15.32
Louisiana,2017,White,34308,2951003,11.63
Louisiana,2017,More than one race,794,78395,10.13
Louisiana,2017,,61018,4684333,13.03
Louisiana,2018,American Indian or Alaska Native,347,36500,9.51
Louisiana,2018,Asian,1279,84271,15.18
Louisiana,2018,Black or African American,23078,1526090,15.12
Louisiana,2018,Native Hawaiian or Other Pacific Islander,156,2889,54
Louisiana,2018,White,33922,2930432,11.58
Louisiana,2018,More than one race,833,79796,10.44
Louisiana,2018,,59615,4659978,12.79
Louisiana,2019,American Indian or Alaska Native,344,36596,9.4
Louisiana,2019,Asian,1249,84192,14.84
Louisiana,2019,Black or African American,23091,1524733,15.14
Louisiana,2019,Native Hawaiian or Other Pacific Islander,114,2854,39.94
Louisiana,2019,White,33354,2918843,11.43
Louisiana,2019,More than one race,789,81576,9.67
Louisiana,2019,,58941,4648794,12.68
Louisiana,,,242752,18674771,13
Maine,2016,American Indian or Alaska Native,97,9329,10.4
Maine,2016,Asian,195,16517,11.81
Maine,2016,Black or African American,419,20025,20.92
Maine,2016,White,11705,1262168,9.27
Maine,2016,More than one race,286,22940,12.47
Maine,2016,,12705,1331479,9.54
Maine,2017,American Indian or Alaska Native,88,9511,9.25
Maine,2017,Asian,221,16643,13.28
Maine,2017,Black or African American,547,21093,25.93
Maine,2017,White,11177,1264744,8.84
Maine,2017,More than one race,261,23442,11.13
Maine,2017,,12298,1335907,9.21
Maine,2018,American Indian or Alaska Native,96,9657,9.94
Maine,2018,Asian,202,16674,12.11
Maine,2018,Black or African American,553,21877,25.28
Maine,2018,White,11237,1265648,8.88
Maine,2018,More than one race,220,24093,9.13
Maine,2018,,12311,1338404,9.2
Maine,2019,American Indian or Alaska Native,96,9767,9.83
Maine,2019,Asian,218,17420,12.51
Maine,2019,Black or African American,552,22691,24.33
Maine,2019,White,10643,1269326,8.38
Maine,2019,More than one race,263,24553,10.71
Maine,2019,,11779,1344212,8.76
Maine,,,49093,5350002,9.18
Maryland,2016,American Indian or Alaska Native,201,34380,5.85
Maryland,2016,Asian,5880,395887,14.85
Maryland,2016,Black or African American,25641,1845613,13.89
Maryland,2016,Native Hawaiian or Other Pacific Islander,107,6460,16.56
Maryland,2016,White,39640,3567397,11.11
Maryland,2016,More than one race,1667,166710,10
Maryland,2016,,73136,6016447,12.16
Maryland,2017,American Indian or Alaska Native,179,35386,5.06
Maryland,2017,Asian,5898,407369,14.48
Maryland,2017,Black or African American,25252,1862566,13.56
Maryland,2017,Native Hawaiian or Other Pacific Islander,116,6581,17.63
Maryland,2017,White,38318,3568679,10.74
Maryland,2017,More than one race,1878,171596,10.94
Maryland,2017,,71641,6052177,11.84
Maryland,2018,American Indian or Alaska Native,278,36188,7.68
Maryland,2018,Asian,5237,405682,12.91
Maryland,2018,Black or African American,23466,1867592,12.56
Maryland,2018,Native Hawaiian or Other Pacific Islander,133,6746,19.72
Maryland,2018,White,40025,3552355,11.27
Maryland,2018,More than one race,1941,174155,11.15
Maryland,2018,,71080,6042718,11.76
Maryland,2019,American Indian or Alaska Native,416,36840,11.29
Maryland,2019,Asian,5135,406303,12.64
Maryland,2019,Black or African American,23189,1878645,12.34
Maryland,2019,Native Hawaiian or Other Pacific Islander,121,6705,18.05
Maryland,2019,White,39431,3539444,11.14
Maryland,2019,More than one race,1886,177743,10.61
Maryland,2019,,70178,6045680,11.61
Maryland,,,286035,24157022,11.84
Massachusetts,2016,American Indian or Alaska Native,93,32988,2.82
Massachusetts,2016,Asian,6685,454371,14.71
Massachusetts,2016,Black or African American,9078,587417,15.45
Massachusetts,2016,Native Hawaiian or Other Pacific Islander,43,6975,6.16
Massachusetts,2016,White,53762,5570872,9.65
Massachusetts,2016,More than one race,1656,159156,10.4
Massachusetts,2016,,71317,6811779,10.47
Massachusetts,2017,American Indian or Alaska Native,77,33341,2.31
Massachusetts,2017,Asian,6398,473001,13.53
Massachusetts,2017,Black or African American,9479,603433,15.71
Massachusetts,2017,Native Hawaiian or Other Pacific Islander,37,7065,5.24
Massachusetts,2017,White,52941,5576725,9.49
Massachusetts,2017,More than one race,1770,166254,10.65
Massachusetts,2017,,70702,6859819,10.31
Massachusetts,2018,American Indian or Alaska Native,68,34112,1.99
Massachusetts,2018,Asian,6324,492508,12.84
Massachusetts,2018,Black or African American,9457,617097,15.32
Massachusetts,2018,Native Hawaiian or Other Pacific Islander,30,7417,4.04
Massachusetts,2018,White,51390,5577194,9.21
Massachusetts,2018,More than one race,1840,173821,10.59
Massachusetts,2018,,69109,6902149,10.01
Massachusetts,2019,American Indian or Alaska Native,106,34310,3.09
Massachusetts,2019,Asian,6398,497517,12.86
Massachusetts,2019,Black or African American,9473,621902,15.23
Massachusetts,2019,Native Hawaiian or Other Pacific Islander,30,7410,4.05
Massachusetts,2019,White,51221,5554165,9.22
Massachusetts,2019,More than one race,1889,177199,10.66
Massachusetts,2019,,69117,6892503,10.03
Massachusetts,,,280245,27466250,10.2
Michigan,2016,American Indian or Alaska Native,464,72252,6.42
Michigan,2016,Asian,4441,306396,14.49
Michigan,2016,Black or African American,21327,1406212,15.17
Michigan,2016,Native Hawaiian or Other Pacific Islander,43,3948,10.89
Michigan,2016,White,84197,7902903,10.65
Michigan,2016,More than one race,2843,236589,12.02
Michigan,2016,,113315,9928300,11.41
Michigan,2017,American Indian or Alaska Native,438,73124,5.99
Michigan,2017,Asian,4602,319772,14.39
Michigan,2017,Black or African American,21623,1408605,15.35
Michigan,2017,Native Hawaiian or Other Pacific Islander,46,4087,11.26
Michigan,2017,White,81953,7914418,10.35
Michigan,2017,More than one race,2764,242305,11.41
Michigan,2017,,111426,9962311,11.18
Michigan,2018,American Indian or Alaska Native,461,73499,6.27
Michigan,2018,Asian,4464,337336,13.23
Michigan,2018,Black or African American,21083,1408392,14.97
Michigan,2018,Native Hawaiian or Other Pacific Islander,49,4142,11.83
Michigan,2018,White,81349,7923927,10.27
Michigan,2018,More than one race,2626,248619,10.56
Michigan,2018,,110032,9995915,11.01
Michigan,2019,American Indian or Alaska Native,454,73865,6.15
Michigan,2019,Asian,4352,336384,12.94
Michigan,2019,Black or African American,20960,1407890,14.89
Michigan,2019,Native Hawaiian or Other Pacific Islander,43,4186,10.27
Michigan,2019,White,79464,7911567,10.04
Michigan,2019,More than one race,2613,252965,10.33
Michigan,2019,,107886,9986857,10.8
Michigan,,,442659,39873383,11.1
Minnesota,2016,American Indian or Alaska Native,1205,73970,16.29
Minnesota,2016,Asian,5617,272170,20.64
Minnesota,2016,Black or African American,8249,344322,23.96
Minnesota,2016,Native Hawaiian or Other Pacific Islander,71,3761,18.88
Minnesota,2016,White,52823,4691265,11.26
Minnesota,2016,More than one race,1784,134464,13.27
Minnesota,2016,,69749,5519952,12.64
Minnesota,2017,American Indian or Alaska Native,1179,75402,15.64
Minnesota,2017,Asian,5559,284643,19.53
Minnesota,2017,Black or African American,8621,365225,23.6
Minnesota,2017,Native Hawaiian or Other Pacific Islander,63,3970,15.87
Minnesota,2017,White,51529,4708215,10.94
Minnesota,2017,More than one race,1644,139151,11.81
Minnesota,2017,,68595,5576606,12.3
Minnesota,2018,American Indian or Alaska Native,1115,76616,14.55
Minnesota,2018,Asian,5371,288975,18.59
Minnesota,2018,Black or African American,8433,380414,22.17
Minnesota,2018,Native Hawaiian or Other Pacific Islander,88,4145,21.23
Minnesota,2018,White,50630,4718176,10.73
Minnesota,2018,More than one race,1707,142853,11.95
Minnesota,2018,,67344,5611179,12
Minnesota,2019,American Indian or Alaska Native,1106,77479,14.27
Minnesota,2019,Asian,5276,292507,18.04
Minnesota,2019,Black or African American,8491,395556,21.47
Minnesota,2019,Native Hawaiian or Other Pacific Islander,72,4214,17.09
Minnesota,2019,White,49269,4723931,10.43
Minnesota,2019,More than one race,1813,145945,12.42
Minnesota,2019,,66027,5639632,11.71
Minnesota,,,271715,22347369,12.16
Mississippi,2016,American Indian or Alaska Native,229,17985,12.73
Mississippi,2016,Asian,509,31969,15.92
Mississippi,2016,Black or African American,16567,1127116,14.7
Mississippi,2016,Native Hawaiian or Other Pacific Islander,21,1810,11.6
Mississippi,2016,White,20335,1772995,11.47
Mississippi,2016,More than one race,267,36851,7.25
Mississippi,2016,,37928,2988726,12.69
Mississippi,2017,American Indian or Alaska Native,223,18179,12.27
Mississippi,2017,Asian,538,32515,16.55
Mississippi,2017,Black or African American,16738,1126498,14.86
Mississippi,2017,Native Hawaiian or Other Pacific Islander,13,1787,7.27
Mississippi,2017,White,19569,1766950,11.08
Mississippi,2017,More than one race,276,38171,7.23
Mississippi,2017,,37357,2984100,12.52
Mississippi,2018,American Indian or Alaska Native,243,18423,13.19
Mississippi,2018,Asian,443,32152,13.78
Mississippi,2018,Black or African American,16252,1128912,14.4
Mississippi,2018,Native Hawaiian or Other Pacific Islander,22,1812,12.14
Mississippi,2018,White,19760,1766301,11.19
Mississippi,2018,More than one race,280,38930,7.19
Mississippi,2018,,37000,2986530,12.39
Mississippi,2019,American Indian or Alaska Native,235,18705,12.56
Mississippi,2019,Asian,487,33032,14.74
Mississippi,2019,Black or African American,16071,1124559,14.29
Mississippi,2019,Native Hawaiian or Other Pacific Islander,29,1806,16.06
Mississippi,2019,White,19526,1758081,11.11
Mississippi,2019,More than one race,288,39966,7.21
Mississippi,2019,,36636,2976149,12.31
Mississippi,,,148921,11935505,12.48
Missouri,2016,American Indian or Alaska Native,195,33877,5.76
Missouri,2016,Asian,1942,121812,15.94
Missouri,2016,Black or African American,10959,720905,15.2
Missouri,2016,Native Hawaiian or Other Pacific Islander,236,9117,25.89
Missouri,2016,White,59062,5071682,11.65
Missouri,2016,More than one race,2311,135607,17.04
Missouri,2016,,74705,6093000,12.26
Missouri,2017,American Indian or Alaska Native,227,34635,6.55
Missouri,2017,Asian,1853,126443,14.65
Missouri,2017,Black or African American,11080,723029,15.32
Missouri,2017,Native Hawaiian or Other Pacific Islander,220,9122,24.12
Missouri,2017,White,57341,5080444,11.29
Missouri,2017,More than one race,2313,139859,16.54
Missouri,2017,,73034,6113532,11.95
Missouri,2018,American Indian or Alaska Native,247,35019,7.05
Missouri,2018,Asian,1778,131046,13.57
Missouri,2018,Black or African American,11046,724529,15.25
Missouri,2018,Native Hawaiian or Other Pacific Islander,253,9585,26.4
Missouri,2018,White,57522,5082571,11.32
Missouri,2018,More than one race,2423,143702,16.86
Missouri,2018,,73269,6126452,11.96
Missouri,2019,American Indian or Alaska Native,220,35839,6.14
Missouri,2019,Asian,1900,133312,14.25
Missouri,2019,Black or African American,10902,725579,15.03
Missouri,2019,Native Hawaiian or Other Pacific Islander,296,9857,30.03
Missouri,2019,White,56376,5086188,11.08
Missouri,2019,More than one race,2433,146653,16.59
Missouri,2019,,72127,6137428,11.75
Missouri,,,293135,24470412,11.98
Montana,2016,American Indian or Alaska Native,1422,69073,20.59
Montana,2016,Asian,136,8486,16.03
Montana,2016,Black or African American,76,6034,12.6
Montana,2016,Native Hawaiian or Other Pacific Islander,23,931,24.7
Montana,2016,White,10220,929802,10.99
Montana,2016,More than one race,405,28194,14.36
Montana,2016,,12282,1042520,11.78
Montana,2017,American Indian or Alaska Native,1304,69913,18.65
Montana,2017,Asian,133,8842,15.04
Montana,2017,Black or African American,76,6114,12.43
Montana,2017,Native Hawaiian or Other Pacific Islander,21,910,23.08
Montana,2017,White,9861,935792,10.54
Montana,2017,More than one race,404,28922,13.97
Montana,2017,,11799,1050493,11.23
Montana,2018,American Indian or Alaska Native,1223,70603,17.32
Montana,2018,Asian,118,9852,11.98
Montana,2018,Black or African American,82,6237,13.15
Montana,2018,Native Hawaiian or Other Pacific Islander,21,893,23.52
Montana,2018,White,9684,945132,10.25
Montana,2018,More than one race,385,29588,13.01
Montana,2018,,11513,1062305,10.84
Montana,2019,American Indian or Alaska Native,1207,71096,16.98
Montana,2019,Asian,116,9833,11.8
Montana,2019,Black or African American,66,6389,10.33
Montana,2019,Native Hawaiian or Other Pacific Islander,23,920,25
Montana,2019,White,9304,950211,9.79
Montana,2019,More than one race,363,30329,11.97
Montana,2019,,11079,1068778,10.37
Montana,,,46673,4224096,11.05
Nebraska,2016,American Indian or Alaska Native,465,27318,17.02
Nebraska,2016,Asian,992,47282,20.98
Nebraska,2016,Black or African American,1949,94620,20.6
Nebraska,2016,Native Hawaiian or Other Pacific Islander,40,2425,16.49
Nebraska,2016,White,22466,1694976,13.25
Nebraska,2016,More than one race,677,40495,16.72
Nebraska,2016,,26589,1907116,13.94
Nebraska,2017,American Indian or Alaska Native,485,27965,17.34
Nebraska,2017,Asian,958,49912,19.19
Nebraska,2017,Black or African American,1956,97078,20.15
Nebraska,2017,Native Hawaiian or Other Pacific Islander,41,2313,17.73
Nebraska,2017,White,21661,1700881,12.74
Nebraska,2017,More than one race,720,41927,17.17
Nebraska,2017,,25821,1920076,13.45
Nebraska,2018,American Indian or Alaska Native,516,28663,18
Nebraska,2018,Asian,939,52343,17.94
Nebraska,2018,Black or African American,1920,98757,19.44
Nebraska,2018,Native Hawaiian or Other Pacific Islander,36,2338,15.4
Nebraska,2018,White,21351,1703446,12.53
Nebraska,2018,More than one race,726,43721,16.61
Nebraska,2018,,25488,1929268,13.21
Nebraska,2019,American Indian or Alaska Native,501,29285,17.11
Nebraska,2019,Asian,911,53187,17.13
Nebraska,2019,Black or African American,1875,100763,18.61
Nebraska,2019,Native Hawaiian or Other Pacific Islander,40,2349,17.03
Nebraska,2019,White,20743,1704129,12.17
Nebraska,2019,More than one race,685,44695,15.33
Nebraska,2019,,24755,1934408,12.8
Nebraska,,,102653,7690868,13.35
Nevada,2016,American Indian or Alaska Native,380,48305,7.87
Nevada,2016,Asian,2860,254432,11.24
Nevada,2016,Black or African American,4594,281224,16.34
Nevada,2016,Native Hawaiian or Other Pacific Islander,349,22654,15.41
Nevada,2016,White,26430,2209037,11.96
Nevada,2016,More than one race,1647,124406,13.24
Nevada,2016,,36260,2940058,12.33
Nevada,2017,American Indian or Alaska Native,405,49722,8.15
Nevada,2017,Asian,2901,264533,10.97
Nevada,2017,Black or African American,4902,294676,16.64
Nevada,2017,Native Hawaiian or Other Pacific Islander,367,23301,15.75
Nevada,2017,White,25474,2235657,11.39
Nevada,2017,More than one race,1707,130150,13.12
Nevada,2017,,35756,2998039,11.93
Nevada,2018,American Indian or Alaska Native,387,50871,7.61
Nevada,2018,Asian,2752,264411,10.41
Nevada,2018,Black or African American,4974,305848,16.26
Nevada,2018,Native Hawaiian or Other Pacific Islander,386,23962,16.11
Nevada,2018,White,25491,2253711,11.31
Nevada,2018,More than one race,1692,135589,12.48
Nevada,2018,,35682,3034392,11.76
Nevada,2019,American Indian or Alaska Native,382,51946,7.35
Nevada,2019,Asian,2745,268166,10.24
Nevada,2019,Black or African American,4849,316303,15.33
Nevada,2019,Native Hawaiian or Other Pacific Islander,416,24585,16.92
Nevada,2019,White,24956,2277552,10.96
Nevada,2019,More than one race,1724,141604,12.17
Nevada,2019,,35072,3080156,11.39
Nevada,,,142770,12052645,11.85
New Hampshire,2016,American Indian or Alaska Native,11,3926,2.8
New Hampshire,2016,Asian,513,35776,14.34
New Hampshire,2016,Black or African American,307,20266,15.15
New Hampshire,2016,White,11288,1251893,9.02
New Hampshire,2016,More than one race,143,22264,6.42
New Hampshire,2016,,12267,1334795,9.19
New Hampshire,2017,American Indian or Alaska Native,21,3978,5.28
New Hampshire,2017,Asian,496,37202,13.33
New Hampshire,2017,Black or African American,296,21239,13.94
New Hampshire,2017,White,11154,1256807,8.87
New Hampshire,2017,More than one race,143,22954,6.23
New Hampshire,2017,,12116,1342795,9.02
New Hampshire,2018,American Indian or Alaska Native,13,4090,3.18
New Hampshire,2018,Asian,482,40460,11.91
New Hampshire,2018,Black or African American,328,23293,14.08
New Hampshire,2018,Native Hawaiian or Other Pacific Islander,10,637,15.7
New Hampshire,2018,White,10997,1264217,8.7
New Hampshire,2018,More than one race,165,23761,6.94
New Hampshire,2018,,11995,1356458,8.84
New Hampshire,2019,American Indian or Alaska Native,15,4114,3.65
New Hampshire,2019,Asian,526,40300,13.05
New Hampshire,2019,Black or African American,326,24371,13.38
New Hampshire,2019,Native Hawaiian or Other Pacific Islander,10,672,14.88
New Hampshire,2019,White,10805,1266097,8.53
New Hampshire,2019,More than one race,157,24157,6.5
New Hampshire,2019,,11839,1359711,8.71
New Hampshire,,,48217,5393759,8.94
New Jersey,2016,American Indian or Alaska Native,155,53976,2.87
New Jersey,2016,Asian,13342,877077,15.21
New Jersey,2016,Black or African American,17255,1337890,12.9
New Jersey,2016,Native Hawaiian or Other Pacific Islander,159,9295,17.11
New Jersey,2016,White,70504,6473721,10.89
New Jersey,2016,More than one race,1232,192510,6.4
New Jersey,2016,,102647,8944469,11.48
New Jersey,2017,American Indian or Alaska Native,152,54683,2.78
New Jersey,2017,Asian,13144,906671,14.5
New Jersey,2017,Black or African American,17153,1346893,12.74
New Jersey,2017,Native Hawaiian or Other Pacific Islander,102,9658,10.56
New Jersey,2017,White,69260,6489409,10.67
New Jersey,2017,More than one race,1439,198330,7.26
New Jersey,2017,,101250,9005644,11.24
New Jersey,2018,American Indian or Alaska Native,200,54706,3.66
New Jersey,2018,Asian,11887,889251,13.37
New Jersey,2018,Black or African American,16951,1337754,12.67
New Jersey,2018,Native Hawaiian or Other Pacific Islander,183,9984,18.33
New Jersey,2018,White,70632,6416347,11.01
New Jersey,2018,More than one race,1370,200478,6.83
New Jersey,2018,,101223,8908520,11.36
New Jersey,2019,American Indian or Alaska Native,241,55429,4.35
New Jersey,2019,Asian,11507,886810,12.98
New Jersey,2019,Black or African American,16634,1337457,12.44
New Jersey,2019,Native Hawaiian or Other Pacific Islander,182,10240,17.77
New Jersey,2019,White,69638,6388804,10.9
New Jersey,2019,More than one race,1383,203450,6.8
New Jersey,2019,,99585,8882190,11.21
New Jersey,,,404705,35740823,11.32
New Mexico,2016,American Indian or Alaska Native,3119,219953,14.18
New Mexico,2016,Asian,457,35287,12.95
New Mexico,2016,Black or African American,487,52133,9.34
New Mexico,2016,Native Hawaiian or Other Pacific Islander,25,3293,7.59
New Mexico,2016,White,20126,1718307,11.71
New Mexico,2016,More than one race,478,52042,9.18
New Mexico,2016,,24692,2081015,11.87
New Mexico,2017,American Indian or Alaska Native,2931,227132,12.9
New Mexico,2017,Asian,452,36222,12.48
New Mexico,2017,Black or African American,533,52622,10.13
New Mexico,2017,Native Hawaiian or Other Pacific Islander,21,3372,6.23
New Mexico,2017,White,19371,1715623,11.29
New Mexico,2017,More than one race,459,53099,8.64
New Mexico,2017,,23767,2088070,11.38
New Mexico,2018,American Indian or Alaska Native,2834,228493,12.4
New Mexico,2018,Asian,433,37256,11.62
New Mexico,2018,Black or African American,528,53576,9.86
New Mexico,2018,Native Hawaiian or Other Pacific Islander,21,3404,6.17
New Mexico,2018,White,18737,1718901,10.9
New Mexico,2018,More than one race,486,53798,9.03
New Mexico,2018,,23039,2095428,10.99
New Mexico,2019,American Indian or Alaska Native,2881,229794,12.54
New Mexico,2019,Asian,421,37550,11.21
New Mexico,2019,Black or African American,502,54772,9.17
New Mexico,2019,Native Hawaiian or Other Pacific Islander,19,3341,5.69
New Mexico,2019,White,18597,1716656,10.83
New Mexico,2019,More than one race,540,54716,9.87
New Mexico,2019,,22960,2096829,10.95
New Mexico,,,94458,8361342,11.3
New York,2016,American Indian or Alaska Native,588,191449,3.07
New York,2016,Asian,29651,1750857,16.94
New York,2016,Black or African American,43757,3488119,12.54
New York,2016,Native Hawaiian or Other Pacific Islander,109,26489,4.11
New York,2016,White,155451,13797556,11.27
New York,2016,More than one race,4727,490819,9.63
New York,2016,,234283,19745289,11.87
New York,2017,American Indian or Alaska Native,550,193229,2.85
New York,2017,Asian,28284,1806646,15.66
New York,2017,Black or African American,42812,3510933,12.19
New York,2017,Native Hawaiian or Other Pacific Islander,115,26943,4.27
New York,2017,White,153329,13807127,11.11
New York,2017,More than one race,4647,504521,9.21
New York,2017,,229737,19849399,11.57
New York,2018,American Indian or Alaska Native,718,190414,3.77
New York,2018,Asian,24993,1750013,14.28
New York,2018,Black or African American,41495,3447729,12.04
New York,2018,Native Hawaiian or Other Pacific Islander,138,26745,5.16
New York,2018,White,154234,13619931,11.32
New York,2018,More than one race,4660,507377,9.18
New York,2018,,226238,19542209,11.58
New York,2019,American Indian or Alaska Native,756,189748,3.98
New York,2019,Asian,24883,1753199,14.19
New York,2019,Black or African American,41197,3421123,12.04
New York,2019,Native Hawaiian or Other Pacific Islander,153,27034,5.66
New York,2019,White,149440,13546776,11.03
New York,2019,More than one race,5110,515681,9.91
New York,2019,,221539,19453561,11.39
New York,,,911797,78590458,11.6
North Carolina,2016,American Indian or Alaska Native,1759,158476,11.1
North Carolina,2016,Asian,5647,296542,19.04
North Carolina,2016,Black or African American,31773,2252403,14.11
North Carolina,2016,Native Hawaiian or Other Pacific Islander,259,12623,20.52
North Carolina,2016,White,78467,7206071,10.89
North Carolina,2016,More than one race,2874,220673,13.02
North Carolina,2016,,120779,10146788,11.9
North Carolina,2017,American Indian or Alaska Native,1758,160909,10.93
North Carolina,2017,Asian,5745,313997,18.3
North Carolina,2017,Black or African American,32351,2279895,14.19
North Carolina,2017,Native Hawaiian or Other Pacific Islander,297,12752,23.29
North Carolina,2017,White,76900,7276995,10.57
North Carolina,2017,More than one race,3074,228871,13.43
North Carolina,2017,,120125,10273419,11.69
North Carolina,2018,American Indian or Alaska Native,1792,163078,10.99
North Carolina,2018,Asian,5089,329284,15.45
North Carolina,2018,Black or African American,30746,2306797,13.33
North Carolina,2018,Native Hawaiian or Other Pacific Islander,500,12989,38.49
North Carolina,2018,White,77635,7334411,10.59
North Carolina,2018,More than one race,3192,237061,13.46
North Carolina,2018,,118954,10383620,11.46
North Carolina,2019,American Indian or Alaska Native,1728,165597,10.43
North Carolina,2019,Asian,5219,334299,15.61
North Carolina,2019,Black or African American,30964,2330563,13.29
North Carolina,2019,Native Hawaiian or Other Pacific Islander,512,13130,38.99
North Carolina,2019,White,76847,7399487,10.39
North Carolina,2019,More than one race,3455,245008,14.1
North Carolina,2019,,118725,10488084,11.32
North Carolina,,,478583,41291911,11.59
North Dakota,2016,American Indian or Alaska Native,947,41596,22.77
North Dakota,2016,Asian,329,11561,28.46
North Dakota,2016,Black or African American,690,22356,30.86
North Dakota,2016,Native Hawaiian or Other Pacific Islander,32,566,56.54
North Dakota,2016,White,9048,665977,13.59
North Dakota,2016,More than one race,337,15896,21.2
North Dakota,2016,,11383,757952,15.02
North Dakota,2017,American Indian or Alaska Native,884,41588,21.26
North Dakota,2017,Asian,309,12269,25.19
North Dakota,2017,Black or African American,688,23533,29.24
North Dakota,2017,Native Hawaiian or Other Pacific Islander,42,522,80.46
North Dakota,2017,White,8458,661217,12.79
North Dakota,2017,More than one race,356,16264,21.89
North Dakota,2017,,10737,755393,14.21
North Dakota,2018,American Indian or Alaska Native,890,41962,21.21
North Dakota,2018,Asian,260,13426,19.37
North Dakota,2018,Black or African American,692,25620,27.01
North Dakota,2018,Native Hawaiian or Other Pacific Islander,53,573,92.5
North Dakota,2018,White,8386,661549,12.68
North Dakota,2018,More than one race,355,16947,20.95
North Dakota,2018,,10636,760077,13.99
North Dakota,2019,American Indian or Alaska Native,852,42465,20.06
North Dakota,2019,Asian,260,12860,20.22
North Dakota,2019,Black or African American,733,25984,28.21
North Dakota,2019,Native Hawaiian or Other Pacific Islander,48,615,78.05
North Dakota,2019,White,8207,662555,12.39
North Dakota,2019,More than one race,354,17583,20.13
North Dakota,2019,,10454,762062,13.72
North Dakota,,,43210,3035484,14.23
Ohio,2016,American Indian or Alaska Native,166,32364,5.13
Ohio,2016,Asian,4500,255464,17.62
Ohio,2016,Black or African American,23520,1487040,15.82
Ohio,2016,Native Hawaiian or Other Pacific Islander,80,6639,12.05
Ohio,2016,White,106381,9576321,11.11
Ohio,2016,More than one race,3438,256545,13.4
Ohio,2016,,138085,11614373,11.89
Ohio,2017,American Indian or Alaska Native,153,32991,4.64
Ohio,2017,Asian,4552,271531,16.76
Ohio,2017,Black or African American,23468,1504482,15.6
Ohio,2017,Native Hawaiian or Other Pacific Islander,84,6633,12.66
Ohio,2017,White,104917,9579207,10.95
Ohio,2017,More than one race,3658,263765,13.87
Ohio,2017,,136832,11658609,11.74
Ohio,2018,American Indian or Alaska Native,156,33566,4.65
Ohio,2018,Asian,4420,287222,15.39
Ohio,2018,Black or African American,23086,1517999,15.21
Ohio,2018,Native Hawaiian or Other Pacific Islander,104,6994,14.87
Ohio,2018,White,103675,9571522,10.83
Ohio,2018,More than one race,3693,272139,13.57
Ohio,2018,,135134,11689442,11.56
Ohio,2019,American Indian or Alaska Native,191,34010,5.62
Ohio,2019,Asian,4480,291478,15.37
Ohio,2019,Black or African American,23460,1525570,15.38
Ohio,2019,Native Hawaiian or Other Pacific Islander,140,7055,19.84
Ohio,2019,White,102148,9552736,10.69
Ohio,2019,More than one race,4042,278251,14.53
Ohio,2019,,134461,11689100,11.5
Ohio,,,544512,46651524,11.67
Oklahoma,2016,American Indian or Alaska Native,5346,360158,14.84
Oklahoma,2016,Asian,1488,88156,16.88
Oklahoma,2016,Black or African American,4780,304465,15.7
Oklahoma,2016,Native Hawaiian or Other Pacific Islander,233,7102,32.81
Oklahoma,2016,White,37028,2925602,12.66
Oklahoma,2016,More than one race,3717,238078,15.61
Oklahoma,2016,,52592,3923561,13.4
Oklahoma,2017,American Indian or Alaska Native,5092,363551,14.01
Oklahoma,2017,Asian,1441,91288,15.79
Oklahoma,2017,Black or African American,4537,306089,14.82
Oklahoma,2017,Native Hawaiian or Other Pacific Islander,250,7423,33.68
Oklahoma,2017,White,35258,2921390,12.07
Oklahoma,2017,More than one race,3636,241123,15.08
Oklahoma,2017,,50214,3930864,12.77
Oklahoma,2018,American Indian or Alaska Native,4926,367043,13.42
Oklahoma,2018,Asian,1365,92179,14.81
Oklahoma,2018,Black or African American,4501,306890,14.67
Oklahoma,2018,Native Hawaiian or Other Pacific Islander,223,7568,29.47
Oklahoma,2018,White,35101,2924365,12
Oklahoma,2018,More than one race,3684,245034,15.03
Oklahoma,2018,,49800,3943079,12.63
Oklahoma,2019,American Indian or Alaska Native,5054,371104,13.62
Oklahoma,2019,Asian,1318,94253,13.98
Oklahoma,2019,Black or African American,4478,307819,14.55
Oklahoma,2019,Native Hawaiian or Other Pacific Islander,250,8581,29.13
Oklahoma,2019,White,34190,2927354,11.68
Oklahoma,2019,More than one race,3853,247860,15.55
Oklahoma,2019,,49143,3956971,12.42
Oklahoma,,,201749,15754475,12.81
Oregon,2016,American Indian or Alaska Native,584,73274,7.97
Oregon,2016,Asian,2494,183054,13.62
Oregon,2016,Black or African American,1063,86539,12.28
Oregon,2016,Native Hawaiian or Other Pacific Islander,364,18249,19.95
Oregon,2016,White,39074,3578285,10.92
Oregon,2016,More than one race,1956,154064,12.7
Oregon,2016,,45535,4093465,11.12
Oregon,2017,American Indian or Alaska Native,600,74655,8.04
Oregon,2017,Asian,2519,192917,13.06
Oregon,2017,Black or African American,1143,90128,12.68
Oregon,2017,Native Hawaiian or Other Pacific Islander,335,18336,18.27
Oregon,2017,White,37084,3607515,10.28
Oregon,2017,More than one race,1950,159225,12.25
Oregon,2017,,43631,4142776,10.53
Oregon,2018,American Indian or Alaska Native,571,76023,7.51
Oregon,2018,Asian,2344,202394,11.58
Oregon,2018,Black or African American,1093,92958,11.76
Oregon,2018,Native Hawaiian or Other Pacific Islander,344,18999,18.11
Oregon,2018,White,35930,3635926,9.88
Oregon,2018,More than one race,1906,164413,11.59
Oregon,2018,,42188,4190713,10.07
Oregon,2019,American Indian or Alaska Native,609,77115,7.9
Oregon,2019,Asian,2462,204739,12.03
Oregon,2019,Black or African American,1120,93740,11.95
Oregon,2019,Native Hawaiian or Other Pacific Islander,375,19245,19.49
Oregon,2019,White,35415,3655136,9.69
Oregon,2019,More than one race,1877,167762,11.19
Oregon,2019,,41858,4217737,9.92
Oregon,,,173212,16644691,10.41
Pennsylvania,2016,American Indian or Alaska Native,208,46770,4.45
Pennsylvania,2016,Asian,7151,442652,16.15
Pennsylvania,2016,Black or African American,21571,1505204,14.33
Pennsylvania,2016,Native Hawaiian or Other Pacific Islander,158,9265,17.05
Pennsylvania,2016,White,106685,10531113,10.13
Pennsylvania,2016,More than one race,3636,249223,14.59
Pennsylvania,2016,,139409,12784227,10.9
Pennsylvania,2017,American Indian or Alaska Native,212,47983,4.42
Pennsylvania,2017,Asian,7092,462768,15.33
Pennsylvania,2017,Black or African American,21805,1520035,14.35
Pennsylvania,2017,Native Hawaiian or Other Pacific Islander,176,9606,18.32
Pennsylvania,2017,White,104695,10507780,9.96
Pennsylvania,2017,More than one race,3765,257365,14.63
Pennsylvania,2017,,137745,12805537,10.76
Pennsylvania,2018,American Indian or Alaska Native,322,49563,6.5
Pennsylvania,2018,Asian,6644,474071,14.01
Pennsylvania,2018,Black or African American,21865,1531457,14.28
Pennsylvania,2018,Native Hawaiian or Other Pacific Islander,296,10056,29.44
Pennsylvania,2018,White,102857,10476085,9.82
Pennsylvania,2018,More than one race,3689,265828,13.88
Pennsylvania,2018,,135673,12807060,10.59
Pennsylvania,2019,American Indian or Alaska Native,326,50687,6.43
Pennsylvania,2019,Asian,6619,481877,13.74
Pennsylvania,2019,Black or African American,22040,1540092,14.31
Pennsylvania,2019,Native Hawaiian or Other Pacific Islander,261,9994,26.12
Pennsylvania,2019,White,101211,10447062,9.69
Pennsylvania,2019,More than one race,3773,272277,13.86
Pennsylvania,2019,,134230,12801989,10.49
Pennsylvania,,,547057,51198813,10.68
Rhode Island,2016,American Indian or Alaska Native,96,10576,9.08
Rhode Island,2016,Asian,688,37629,18.28
Rhode Island,2016,Black or African American,1195,85355,14
Rhode Island,2016,Native Hawaiian or Other Pacific Islander,10,1970,5.08
Rhode Island,2016,White,8466,892045,9.49
Rhode Island,2016,More than one race,343,28851,11.89
Rhode Island,2016,,10798,1056426,10.22
Rhode Island,2017,American Indian or Alaska Native,94,10948,8.59
Rhode Island,2017,Asian,660,39014,16.92
Rhode Island,2017,Black or African American,1165,87261,13.35
Rhode Island,2017,Native Hawaiian or Other Pacific Islander,18,2015,8.93
Rhode Island,2017,White,8364,890883,9.39
Rhode Island,2017,More than one race,337,29518,11.42
Rhode Island,2017,,10638,1059639,10.04
Rhode Island,2018,American Indian or Alaska Native,95,11308,8.4
Rhode Island,2018,Asian,572,38419,14.89
Rhode Island,2018,Black or African American,1356,88411,15.34
Rhode Island,2018,Native Hawaiian or Other Pacific Islander,40,2135,18.74
Rhode Island,2018,White,8066,887259,9.09
Rhode Island,2018,More than one race,377,29783,12.66
Rhode Island,2018,,10506,1057315,9.94
Rhode Island,2019,American Indian or Alaska Native,113,11453,9.87
Rhode Island,2019,Asian,565,39536,14.29
Rhode Island,2019,Black or African American,1386,90108,15.38
Rhode Island,2019,Native Hawaiian or Other Pacific Islander,47,2125,22.12
Rhode Island,2019,White,7727,885518,8.73
Rhode Island,2019,More than one race,337,30621,11.01
Rhode Island,2019,,10175,1059361,9.6
Rhode Island,,,42117,4232741,9.95
South Carolina,2016,American Indian or Alaska Native,188,26923,6.98
South Carolina,2016,Asian,1239,79941,15.5
South Carolina,2016,Black or African American,17759,1362579,13.03
South Carolina,2016,Native Hawaiian or Other Pacific Islander,68,4698,14.47
South Carolina,2016,White,36759,3396931,10.82
South Carolina,2016,More than one race,1329,90047,14.76
South Carolina,2016,,57342,4961119,11.56
South Carolina,2017,American Indian or Alaska Native,174,27373,6.36
South Carolina,2017,Asian,1220,85665,14.24
South Carolina,2017,Black or African American,18155,1372547,13.23
South Carolina,2017,Native Hawaiian or Other Pacific Islander,67,4949,13.54
South Carolina,2017,White,36081,3440141,10.49
South Carolina,2017,More than one race,1332,93694,14.22
South Carolina,2017,,57029,5024369,11.35
South Carolina,2018,American Indian or Alaska Native,154,27694,5.56
South Carolina,2018,Asian,1251,89962,13.91
South Carolina,2018,Black or African American,17452,1380145,12.65
South Carolina,2018,Native Hawaiian or Other Pacific Islander,73,5153,14.17
South Carolina,2018,White,36258,3483455,10.41
South Carolina,2018,More than one race,1481,97718,15.16
South Carolina,2018,,56669,5084127,11.15
South Carolina,2019,American Indian or Alaska Native,181,28236,6.41
South Carolina,2019,Asian,1244,94111,13.22
South Carolina,2019,Black or African American,17670,1388017,12.73
South Carolina,2019,Native Hawaiian or Other Pacific Islander,82,5065,16.19
South Carolina,2019,White,36397,3532048,10.3
South Carolina,2019,More than one race,1464,101237,14.46
South Carolina,2019,,57038,5148714,11.08
South Carolina,,,228078,20218329,11.28
South Dakota,2016,American Indian or Alaska Native,1867,77711,24.02
South Dakota,2016,Asian,274,12767,21.46
South Dakota,2016,Black or African American,376,17302,21.73
South Dakota,2016,Native Hawaiian or Other Pacific Islander,13,656,19.82
South Dakota,2016,White,9344,737070,12.68
South Dakota,2016,More than one race,401,19948,20.1
South Dakota,2016,,12275,865454,14.18
South Dakota,2017,American Indian or Alaska Native,1880,78456,23.96
South Dakota,2017,Asian,255,12901,19.77
South Dakota,2017,Black or African American,416,18479,22.51
South Dakota,2017,Native Hawaiian or Other Pacific Islander,12,719,16.69
South Dakota,2017,White,9126,738554,12.36
South Dakota,2017,More than one race,445,20557,21.65
South Dakota,2017,,12134,869666,13.95
South Dakota,2018,American Indian or Alaska Native,1746,79412,21.99
South Dakota,2018,Asian,229,15093,15.17
South Dakota,2018,Black or African American,427,21000,20.33
South Dakota,2018,Native Hawaiian or Other Pacific Islander,20,747,26.77
South Dakota,2018,White,8996,744733,12.08
South Dakota,2018,More than one race,475,21250,22.35
South Dakota,2018,,11893,882235,13.48
South Dakota,2019,American Indian or Alaska Native,1703,80004,21.29
South Dakota,2019,Asian,211,13699,15.4
South Dakota,2019,Black or African American,433,20332,21.3
South Dakota,2019,Native Hawaiian or Other Pacific Islander,16,787,20.33
South Dakota,2019,White,8653,748070,11.57
South Dakota,2019,More than one race,433,21767,19.89
South Dakota,2019,,11449,884659,12.94
South Dakota,,,47751,3502014,13.64
Tennessee,2016,American Indian or Alaska Native,123,29866,4.12
Tennessee,2016,Asian,2081,120219,17.31
Tennessee,2016,Black or African American,17400,1137075,15.3
Tennessee,2016,Native Hawaiian or Other Pacific Islander,125,6432,19.43
Tennessee,2016,White,59722,5234030,11.41
Tennessee,2016,More than one race,1356,123572,10.97
Tennessee,2016,,80807,6651194,12.15
Tennessee,2017,American Indian or Alaska Native,137,30876,4.44
Tennessee,2017,Asian,2078,125244,16.59
Tennessee,2017,Black or African American,17537,1148218,15.27
Tennessee,2017,Native Hawaiian or Other Pacific Islander,111,6428,17.27
Tennessee,2017,White,59663,5276748,11.31
Tennessee,2017,More than one race,1490,128470,11.6
Tennessee,2017,,81016,6715984,12.06
Tennessee,2018,American Indian or Alaska Native,231,31826,7.26
Tennessee,2018,Asian,1991,128526,15.49
Tennessee,2018,Black or African American,16724,1155631,14.47
Tennessee,2018,Native Hawaiian or Other Pacific Islander,143,6496,22.01
Tennessee,2018,White,60073,5315272,11.3
Tennessee,2018,More than one race,1589,132259,12.01
Tennessee,2018,,80751,6770010,11.93
Tennessee,2019,American Indian or Alaska Native,247,32661,7.56
Tennessee,2019,Asian,2042,134076,15.23
Tennessee,2019,Black or African American,16861,1164461,14.48
Tennessee,2019,Native Hawaiian or Other Pacific Islander,138,6578,20.98
Tennessee,2019,White,59558,5354405,11.12
Tennessee,2019,More than one race,1604,136993,11.71
Tennessee,2019,,80450,6829174,11.78
Tennessee,,,323024,26966362,11.98
Texas,2016,American Indian or Alaska Native,1173,283393,4.14
Texas,2016,Asian,22647,1350474,16.77
Texas,2016,Black or African American,55001,3515215,15.65
Texas,2016,Native Hawaiian or Other Pacific Islander,621,39079,15.89
Texas,2016,White,313694,22135668,14.17
Texas,2016,More than one race,4911,538767,9.12
Texas,2016,,398047,27862596,14.29
Texas,2017,American Indian or Alaska Native,1010,287312,3.52
Texas,2017,Asian,22323,1417555,15.75
Texas,2017,Black or African American,54754,3593048,15.24
Texas,2017,Native Hawaiian or Other Pacific Islander,666,40740,16.35
Texas,2017,White,298596,22404118,13.33
Texas,2017,More than one race,4701,561823,8.37
Texas,2017,,382050,28304596,13.5
Texas,2018,American Indian or Alaska Native,1118,290961,3.84
Texas,2018,Asian,20433,1486266,13.75
Texas,2018,Black or African American,51556,3673855,14.03
Texas,2018,Native Hawaiian or Other Pacific Islander,625,42333,14.76
Texas,2018,White,299958,22624867,13.26
Texas,2018,More than one race,4934,583563,8.45
Texas,2018,,378624,28701845,13.19
Texas,2019,American Indian or Alaska Native,1096,294902,3.72
Texas,2019,Asian,20454,1510470,13.54
Texas,2019,Black or African American,50691,3739221,13.56
Texas,2019,Native Hawaiian or Other Pacific Islander,779,43212,18.03
Texas,2019,White,299568,22806130,13.14
Texas,2019,More than one race,5011,601946,8.32
Texas,2019,,377599,28995881,13.02
Texas,,,1536320,113864918,13.49
Utah,2016,American Indian or Alaska Native,557,47514,11.72
Utah,2016,Asian,1330,77033,17.27
Utah,2016,Black or African American,662,41418,15.98
Utah,2016,Native Hawaiian or Other Pacific Islander,469,31502,14.89
Utah,2016,White,46335,2778175,16.68
Utah,2016,More than one race,1111,75575,14.7
Utah,2016,,50464,3051217,16.54
Utah,2017,American Indian or Alaska Native,535,47581,11.24
Utah,2017,Asian,1316,79393,16.58
Utah,2017,Black or African American,677,43230,15.66
Utah,2017,Native Hawaiian or Other Pacific Islander,524,32429,16.16
Utah,2017,White,44305,2820387,15.71
Utah,2017,More than one race,1228,78813,15.58
Utah,2017,,48585,3101833,15.66
Utah,2018,American Indian or Alaska Native,526,48628,10.82
Utah,2018,Asian,1224,85389,14.33
Utah,2018,Black or African American,647,45700,14.16
Utah,2018,Native Hawaiian or Other Pacific Islander,511,33495,15.26
Utah,2018,White,42994,2865634,15
Utah,2018,More than one race,1307,82259,15.89
Utah,2018,,47209,3161105,14.93
Utah,2019,American Indian or Alaska Native,474,49720,9.53
Utah,2019,Asian,1229,85727,14.34
Utah,2019,Black or African American,759,47537,15.97
Utah,2019,Native Hawaiian or Other Pacific Islander,533,33979,15.69
Utah,2019,White,42552,2904132,14.65
Utah,2019,More than one race,1279,84863,15.07
Utah,2019,,46826,3205958,14.61
Utah,,,193084,12520113,15.42
Vermont,2016,American Indian or Alaska Native,13,2426,5.36
Vermont,2016,Asian,171,11079,15.43
Vermont,2016,Black or African American,93,8147,11.42
Vermont,2016,White,5404,590869,9.15
Vermont,2016,More than one race,73,11813,6.18
Vermont,2016,,5756,624594,9.22
Vermont,2017,American Indian or Alaska Native,17,2413,7.05
Vermont,2017,Asian,169,11348,14.89
Vermont,2017,Black or African American,127,8475,14.99
Vermont,2017,White,5274,589163,8.95
Vermont,2017,More than one race,65,12025,5.41
Vermont,2017,,5655,623657,9.07
Vermont,2018,American Indian or Alaska Native,14,2457,5.7
Vermont,2018,Asian,156,12581,12.4
Vermont,2018,Black or African American,126,8753,14.4
Vermont,2018,White,5072,589986,8.6
Vermont,2018,More than one race,63,12275,5.13
Vermont,2018,,5432,626299,8.67
Vermont,2019,American Indian or Alaska Native,11,2441,4.51
Vermont,2019,Asian,126,11964,10.53
Vermont,2019,Black or African American,143,8774,16.3
Vermont,2019,White,5000,588102,8.5
Vermont,2019,More than one race,80,12461,6.42
Vermont,2019,,5361,623989,8.59
Vermont,,,22204,2498539,8.89
Virginia,2016,American Indian or Alaska Native,194,45510,4.26
Virginia,2016,Asian,9002,555515,16.2
Virginia,2016,Black or African American,22790,1664523,13.69
Virginia,2016,Native Hawaiian or Other Pacific Islander,204,9407,21.69
Virginia,2016,White,68701,5891553,11.66
Virginia,2016,More than one race,1569,245300,6.4
Virginia,2016,,102460,8411808,12.18
Virginia,2017,American Indian or Alaska Native,195,45889,4.25
Virginia,2017,Asian,8695,575117,15.12
Virginia,2017,Black or African American,23055,1680680,13.72
Virginia,2017,Native Hawaiian or Other Pacific Islander,227,9601,23.64
Virginia,2017,White,66479,5904472,11.26
Virginia,2017,More than one race,1740,254261,6.84
Virginia,2017,,100391,8470020,11.85
Virginia,2018,American Indian or Alaska Native,236,46409,5.09
Virginia,2018,Asian,8060,589046,13.68
Virginia,2018,Black or African American,22312,1691267,13.19
Virginia,2018,Native Hawaiian or Other Pacific Islander,288,9998,28.81
Virginia,2018,White,67014,5918670,11.32
Virginia,2018,More than one race,1933,262295,7.37
Virginia,2018,,99843,8517685,11.72
Virginia,2019,American Indian or Alaska Native,215,46602,4.61
Virginia,2019,Asian,7914,589710,13.42
Virginia,2019,Black or African American,21765,1696911,12.83
Virginia,2019,Native Hawaiian or Other Pacific Islander,404,10092,40.03
Virginia,2019,White,65245,5922648,11.02
Virginia,2019,More than one race,1886,269556,7
Virginia,2019,,97429,8535519,11.41
Virginia,,,400123,33935032,11.79
Washington,2016,American Indian or Alaska Native,1870,138489,13.5
Washington,2016,Asian,9889,625138,15.82
Washington,2016,Black or African American,4784,301955,15.84
Washington,2016,Native Hawaiian or Other Pacific Islander,1370,54702,25.04
Washington,2016,White,68579,5830144,11.76
Washington,2016,More than one race,4013,337572,11.89
Washington,2016,,90505,7288000,12.42
Washington,2017,American Indian or Alaska Native,1660,141535,11.73
Washington,2017,Asian,9869,660928,14.93
Washington,2017,Black or African American,4980,310425,16.04
Washington,2017,Native Hawaiian or Other Pacific Islander,1395,56953,24.49
Washington,2017,White,65615,5887060,11.15
Washington,2017,More than one race,4043,348842,11.59
Washington,2017,,87562,7405743,11.82
Washington,2018,American Indian or Alaska Native,1775,144450,12.29
Washington,2018,Asian,9351,703455,13.29
Washington,2018,Black or African American,4888,322826,15.14
Washington,2018,Native Hawaiian or Other Pacific Islander,1358,59001,23.02
Washington,2018,White,64527,5944924,10.85
Washington,2018,More than one race,4186,360935,11.6
Washington,2018,,86085,7535591,11.42
Washington,2019,American Indian or Alaska Native,1703,146799,11.6
Washington,2019,Asian,9669,727986,13.28
Washington,2019,Black or African American,4938,331924,14.88
Washington,2019,Native Hawaiian or Other Pacific Islander,1447,60349,23.98
Washington,2019,White,62985,5977696,10.54
Washington,2019,More than one race,4153,370139,11.22
Washington,2019,,84895,7614893,11.15
Washington,,,349047,29844227,11.7
West Virginia,2016,American Indian or Alaska Native,22,4503,4.89
West Virginia,2016,Asian,190,15385,12.35
West Virginia,2016,Black or African American,628,65929,9.53
West Virginia,2016,White,17906,1713756,10.45
West Virginia,2016,More than one race,326,30938,10.54
West Virginia,2016,,19079,1831102,10.42
West Virginia,2017,American Indian or Alaska Native,20,4451,4.49
West Virginia,2017,Asian,216,15071,14.33
West Virginia,2017,Black or African American,661,64951,10.18
West Virginia,2017,Native Hawaiian or Other Pacific Islander,14,533,26.27
West Virginia,2017,White,17378,1699266,10.23
West Virginia,2017,More than one race,386,31585,12.22
West Virginia,2017,,18675,1815857,10.28
West Virginia,2018,American Indian or Alaska Native,19,4526,4.2
West Virginia,2018,Asian,179,15338,11.67
West Virginia,2018,Black or African American,664,65231,10.18
West Virginia,2018,White,17024,1687993,10.09
West Virginia,2018,More than one race,355,32216,11.02
West Virginia,2018,,18248,1805832,10.11
West Virginia,2019,American Indian or Alaska Native,18,4585,3.93
West Virginia,2019,Asian,174,14703,11.83
West Virginia,2019,Black or African American,652,64610,10.09
West Virginia,2019,White,16844,1675122,10.06
West Virginia,2019,More than one race,440,32597,13.5
West Virginia,2019,,18136,1792147,10.12
West Virginia,,,74138,7244938,10.23
Wisconsin,2016,American Indian or Alaska Native,821,65597,12.52
Wisconsin,2016,Asian,3324,163622,20.32
Wisconsin,2016,Black or African American,6848,381807,17.94
Wisconsin,2016,Native Hawaiian or Other Pacific Islander,30,3050,9.84
Wisconsin,2016,White,54116,5057070,10.7
Wisconsin,2016,More than one race,1476,107562,13.72
Wisconsin,2016,,66615,5778708,11.53
Wisconsin,2017,American Indian or Alaska Native,845,66752,12.66
Wisconsin,2017,Asian,3114,168435,18.49
Wisconsin,2017,Black or African American,7148,385451,18.54
Wisconsin,2017,Native Hawaiian or Other Pacific Islander,35,3209,10.91
Wisconsin,2017,White,52316,5060891,10.34
Wisconsin,2017,More than one race,1517,110745,13.7
Wisconsin,2017,,64975,5795483,11.21
Wisconsin,2018,American Indian or Alaska Native,823,67571,12.18
Wisconsin,2018,Asian,3218,176147,18.27
Wisconsin,2018,Black or African American,6867,389047,17.65
Wisconsin,2018,Native Hawaiian or Other Pacific Islander,35,3243,10.79
Wisconsin,2018,White,51636,5063526,10.2
Wisconsin,2018,More than one race,1519,114034,13.32
Wisconsin,2018,,64098,5813568,11.03
Wisconsin,2019,American Indian or Alaska Native,751,68628,10.94
Wisconsin,2019,Asian,2994,175279,17.08
Wisconsin,2019,Black or African American,7092,390543,18.16
Wisconsin,2019,Native Hawaiian or Other Pacific Islander,37,3419,10.82
Wisconsin,2019,White,50860,5067781,10.04
Wisconsin,2019,More than one race,1536,116784,13.15
Wisconsin,2019,,63270,5822434,10.87
Wisconsin,,,258958,23210193,11.16
Wyoming,2016,American Indian or Alaska Native,245,15762,15.54
Wyoming,2016,Asian,112,5856,19.13
Wyoming,2016,Black or African American,93,7753,12
Wyoming,2016,White,6769,543387,12.46
Wyoming,2016,More than one race,160,12070,13.26
Wyoming,2016,,7386,585501,12.61
Wyoming,2017,American Indian or Alaska Native,249,15743,15.82
Wyoming,2017,Asian,97,5880,16.5
Wyoming,2017,Black or African American,71,7445,9.54
Wyoming,2017,White,6306,537396,11.73
Wyoming,2017,More than one race,171,12272,13.93
Wyoming,2017,,6903,579315,11.92
Wyoming,2018,American Indian or Alaska Native,247,15860,15.57
Wyoming,2018,Asian,82,6213,13.2
Wyoming,2018,Black or African American,75,7557,9.92
Wyoming,2018,Native Hawaiian or Other Pacific Islander,16,572,27.97
Wyoming,2018,White,5973,534943,11.17
Wyoming,2018,More than one race,169,12592,13.42
Wyoming,2018,,6562,577737,11.36
Wyoming,2019,American Indian or Alaska Native,222,15778,14.07
Wyoming,2019,Asian,86,6571,13.09
Wyoming,2019,Black or African American,79,7467,10.58
Wyoming,2019,Native Hawaiian or Other Pacific Islander,12,596,20.13
Wyoming,2019,White,6013,535371,11.23
Wyoming,2019,More than one race,153,12976,11.79
Wyoming,2019,,6565,578759,11.34
Wyoming,,,27416,2321312,11.81
,,,15340627,1304253648,11.76
