Notes,State of Residence,State of Residence Code,Birthplace,Birthplace Code,Month,Month Code,Births,% of Total Births
,Alabama,1,Hospital,1,January,1,5012,0.13%
,Alabama,1,Hospital,1,February,2,4377,0.12%
,Alabama,1,Hospital,1,March,3,4506,0.12%
,Alabama,1,Hospital,1,April,4,4508,0.12%
,Alabama,1,Hospital,1,May,5,4781,0.13%
,Alabama,1,Hospital,1,June,6,4447,0.12%
,Alabama,1,Hospital,1,July,7,5040,0.13%
,Alabama,1,Hospital,1,August,8,5428,0.14%
,Alabama,1,Hospital,1,September,9,5207,0.14%
,Alabama,1,Hospital,1,October,10,5174,0.14%
,Alabama,1,Hospital,1,November,11,4734,0.13%
,Alabama,1,Hospital,1,December,12,5078,0.14%
,Alabama,1,Home (intended),3,March,3,12,0.00%
,Alabama,1,Home (intended),3,May,5,13,0.00%
,Alabama,1,Home (intended),3,June,6,10,0.00%
,Alabama,1,Home (intended),3,July,7,12,0.00%
,Alabama,1,Home (intended),3,August,8,12,0.00%
,Alabama,1,Home (intended),3,September,9,11,0.00%
,Alabama,1,Home (intended),3,November,11,11,0.00%
,Alabama,1,Home (intended),3,December,12,15,0.00%
,Alabama,1,Home (not intended) ,4,January,1,10,0.00%
,Alabama,1,Home (not intended) ,4,May,5,10,0.00%
,Alabama,1,Home (not intended) ,4,October,10,10,0.00%
,Alabama,1,Home (not intended) ,4,November,11,11,0.00%
,Alabama,1,Other,7,October,10,10,0.00%
,Alabama,1,Other,7,November,11,10,0.00%
,Alaska,2,Hospital,1,January,1,711,0.02%
,Alaska,2,Hospital,1,February,2,692,0.02%
,Alaska,2,Hospital,1,March,3,821,0.02%
,Alaska,2,Hospital,1,April,4,758,0.02%
,Alaska,2,Hospital,1,May,5,771,0.02%
,Alaska,2,Hospital,1,June,6,759,0.02%
,Alaska,2,Hospital,1,July,7,858,0.02%
,Alaska,2,Hospital,1,August,8,796,0.02%
,Alaska,2,Hospital,1,September,9,821,0.02%
,Alaska,2,Hospital,1,October,10,752,0.02%
,Alaska,2,Hospital,1,November,11,670,0.02%
,Alaska,2,Hospital,1,December,12,739,0.02%
,Alaska,2,Freestanding Birth Center,2,January,1,36,0.00%
,Alaska,2,Freestanding Birth Center,2,February,2,48,0.00%
,Alaska,2,Freestanding Birth Center,2,March,3,40,0.00%
,Alaska,2,Freestanding Birth Center,2,April,4,47,0.00%
,Alaska,2,Freestanding Birth Center,2,May,5,39,0.00%
,Alaska,2,Freestanding Birth Center,2,June,6,36,0.00%
,Alaska,2,Freestanding Birth Center,2,July,7,43,0.00%
,Alaska,2,Freestanding Birth Center,2,August,8,41,0.00%
,Alaska,2,Freestanding Birth Center,2,September,9,41,0.00%
,Alaska,2,Freestanding Birth Center,2,October,10,33,0.00%
,Alaska,2,Freestanding Birth Center,2,November,11,19,0.00%
,Alaska,2,Freestanding Birth Center,2,December,12,38,0.00%
,Alaska,2,Home (intended),3,January,1,20,0.00%
,Alaska,2,Home (intended),3,February,2,13,0.00%
,Alaska,2,Home (intended),3,March,3,16,0.00%
,Alaska,2,Home (intended),3,April,4,25,0.00%
,Alaska,2,Home (intended),3,May,5,13,0.00%
,Alaska,2,Home (intended),3,June,6,13,0.00%
,Alaska,2,Home (intended),3,July,7,15,0.00%
,Alaska,2,Home (intended),3,August,8,12,0.00%
,Alaska,2,Home (intended),3,September,9,11,0.00%
,Alaska,2,Home (intended),3,October,10,14,0.00%
,Alaska,2,Home (intended),3,November,11,15,0.00%
,Arizona,4,Hospital,1,January,1,6709,0.18%
,Arizona,4,Hospital,1,February,2,5983,0.16%
,Arizona,4,Hospital,1,March,3,6557,0.17%
,Arizona,4,Hospital,1,April,4,5979,0.16%
,Arizona,4,Hospital,1,May,5,6159,0.16%
,Arizona,4,Hospital,1,June,6,6071,0.16%
,Arizona,4,Hospital,1,July,7,6859,0.18%
,Arizona,4,Hospital,1,August,8,7091,0.19%
,Arizona,4,Hospital,1,September,9,6751,0.18%
,Arizona,4,Hospital,1,October,10,6769,0.18%
,Arizona,4,Hospital,1,November,11,6482,0.17%
,Arizona,4,Hospital,1,December,12,6610,0.18%
,Arizona,4,Freestanding Birth Center,2,January,1,56,0.00%
,Arizona,4,Freestanding Birth Center,2,February,2,49,0.00%
,Arizona,4,Freestanding Birth Center,2,March,3,60,0.00%
,Arizona,4,Freestanding Birth Center,2,April,4,62,0.00%
,Arizona,4,Freestanding Birth Center,2,May,5,66,0.00%
,Arizona,4,Freestanding Birth Center,2,June,6,47,0.00%
,Arizona,4,Freestanding Birth Center,2,July,7,39,0.00%
,Arizona,4,Freestanding Birth Center,2,August,8,37,0.00%
,Arizona,4,Freestanding Birth Center,2,September,9,53,0.00%
,Arizona,4,Freestanding Birth Center,2,October,10,44,0.00%
,Arizona,4,Freestanding Birth Center,2,November,11,37,0.00%
,Arizona,4,Freestanding Birth Center,2,December,12,34,0.00%
,Arizona,4,Home (intended),3,January,1,53,0.00%
,Arizona,4,Home (intended),3,February,2,40,0.00%
,Arizona,4,Home (intended),3,March,3,53,0.00%
,Arizona,4,Home (intended),3,April,4,47,0.00%
,Arizona,4,Home (intended),3,May,5,43,0.00%
,Arizona,4,Home (intended),3,June,6,44,0.00%
,Arizona,4,Home (intended),3,July,7,53,0.00%
,Arizona,4,Home (intended),3,August,8,56,0.00%
,Arizona,4,Home (intended),3,September,9,48,0.00%
,Arizona,4,Home (intended),3,October,10,54,0.00%
,Arizona,4,Home (intended),3,November,11,49,0.00%
,Arizona,4,Home (intended),3,December,12,56,0.00%
,Arizona,4,Home (not intended) ,4,January,1,12,0.00%
,Arizona,4,Home (not intended) ,4,August,8,12,0.00%
,Arizona,4,Home (not intended) ,4,September,9,11,0.00%
,Arizona,4,Home (not intended) ,4,October,10,12,0.00%
,Arkansas,5,Hospital,1,January,1,3088,0.08%
,Arkansas,5,Hospital,1,February,2,2633,0.07%
,Arkansas,5,Hospital,1,March,3,2818,0.08%
,Arkansas,5,Hospital,1,April,4,2875,0.08%
,Arkansas,5,Hospital,1,May,5,2985,0.08%
,Arkansas,5,Hospital,1,June,6,2856,0.08%
,Arkansas,5,Hospital,1,July,7,3235,0.09%
,Arkansas,5,Hospital,1,August,8,3207,0.09%
,Arkansas,5,Hospital,1,September,9,3194,0.09%
,Arkansas,5,Hospital,1,October,10,3274,0.09%
,Arkansas,5,Hospital,1,November,11,2872,0.08%
,Arkansas,5,Hospital,1,December,12,3132,0.08%
,Arkansas,5,Home (intended),3,January,1,22,0.00%
,Arkansas,5,Home (intended),3,February,2,25,0.00%
,Arkansas,5,Home (intended),3,March,3,20,0.00%
,Arkansas,5,Home (intended),3,April,4,13,0.00%
,Arkansas,5,Home (intended),3,May,5,23,0.00%
,Arkansas,5,Home (intended),3,June,6,20,0.00%
,Arkansas,5,Home (intended),3,July,7,16,0.00%
,Arkansas,5,Home (intended),3,August,8,25,0.00%
,Arkansas,5,Home (intended),3,September,9,26,0.00%
,Arkansas,5,Home (intended),3,October,10,27,0.00%
,Arkansas,5,Home (intended),3,November,11,28,0.00%
,Arkansas,5,Home (intended),3,December,12,24,0.00%
,California,6,Hospital,1,January,1,36963,0.99%
,California,6,Hospital,1,February,2,33524,0.89%
,California,6,Hospital,1,March,3,36680,0.98%
,California,6,Hospital,1,April,4,34622,0.92%
,California,6,Hospital,1,May,5,36929,0.99%
,California,6,Hospital,1,June,6,35208,0.94%
,California,6,Hospital,1,July,7,38812,1.04%
,California,6,Hospital,1,August,8,39797,1.06%
,California,6,Hospital,1,September,9,38217,1.02%
,California,6,Hospital,1,October,10,38892,1.04%
,California,6,Hospital,1,November,11,35615,0.95%
,California,6,Hospital,1,December,12,36162,0.96%
,California,6,Freestanding Birth Center,2,January,1,104,0.00%
,California,6,Freestanding Birth Center,2,February,2,101,0.00%
,California,6,Freestanding Birth Center,2,March,3,136,0.00%
,California,6,Freestanding Birth Center,2,April,4,113,0.00%
,California,6,Freestanding Birth Center,2,May,5,131,0.00%
,California,6,Freestanding Birth Center,2,June,6,136,0.00%
,California,6,Freestanding Birth Center,2,July,7,153,0.00%
,California,6,Freestanding Birth Center,2,August,8,148,0.00%
,California,6,Freestanding Birth Center,2,September,9,140,0.00%
,California,6,Freestanding Birth Center,2,October,10,116,0.00%
,California,6,Freestanding Birth Center,2,November,11,98,0.00%
,California,6,Freestanding Birth Center,2,December,12,117,0.00%
,California,6,Home (unknown if intended),5,January,1,275,0.01%
,California,6,Home (unknown if intended),5,February,2,259,0.01%
,California,6,Home (unknown if intended),5,March,3,274,0.01%
,California,6,Home (unknown if intended),5,April,4,268,0.01%
,California,6,Home (unknown if intended),5,May,5,261,0.01%
,California,6,Home (unknown if intended),5,June,6,241,0.01%
,California,6,Home (unknown if intended),5,July,7,252,0.01%
,California,6,Home (unknown if intended),5,August,8,261,0.01%
,California,6,Home (unknown if intended),5,September,9,274,0.01%
,California,6,Home (unknown if intended),5,October,10,265,0.01%
,California,6,Home (unknown if intended),5,November,11,259,0.01%
,California,6,Home (unknown if intended),5,December,12,192,0.01%
,California,6,Other,7,January,1,27,0.00%
,California,6,Other,7,February,2,38,0.00%
,California,6,Other,7,March,3,34,0.00%
,California,6,Other,7,April,4,33,0.00%
,California,6,Other,7,May,5,34,0.00%
,California,6,Other,7,June,6,42,0.00%
,California,6,Other,7,July,7,31,0.00%
,California,6,Other,7,August,8,35,0.00%
,California,6,Other,7,September,9,44,0.00%
,California,6,Other,7,October,10,36,0.00%
,California,6,Other,7,November,11,52,0.00%
,California,6,Other,7,December,12,42,0.00%
,Colorado,8,Hospital,1,January,1,4969,0.13%
,Colorado,8,Hospital,1,February,2,4534,0.12%
,Colorado,8,Hospital,1,March,3,4972,0.13%
,Colorado,8,Hospital,1,April,4,4896,0.13%
,Colorado,8,Hospital,1,May,5,5270,0.14%
,Colorado,8,Hospital,1,June,6,5085,0.14%
,Colorado,8,Hospital,1,July,7,5421,0.14%
,Colorado,8,Hospital,1,August,8,5639,0.15%
,Colorado,8,Hospital,1,September,9,5323,0.14%
,Colorado,8,Hospital,1,October,10,5337,0.14%
,Colorado,8,Hospital,1,November,11,4828,0.13%
,Colorado,8,Hospital,1,December,12,4860,0.13%
,Colorado,8,Freestanding Birth Center,2,January,1,44,0.00%
,Colorado,8,Freestanding Birth Center,2,February,2,49,0.00%
,Colorado,8,Freestanding Birth Center,2,March,3,71,0.00%
,Colorado,8,Freestanding Birth Center,2,April,4,78,0.00%
,Colorado,8,Freestanding Birth Center,2,May,5,65,0.00%
,Colorado,8,Freestanding Birth Center,2,June,6,81,0.00%
,Colorado,8,Freestanding Birth Center,2,July,7,85,0.00%
,Colorado,8,Freestanding Birth Center,2,August,8,67,0.00%
,Colorado,8,Freestanding Birth Center,2,September,9,72,0.00%
,Colorado,8,Freestanding Birth Center,2,October,10,64,0.00%
,Colorado,8,Freestanding Birth Center,2,November,11,65,0.00%
,Colorado,8,Freestanding Birth Center,2,December,12,61,0.00%
,Colorado,8,Home (intended),3,January,1,78,0.00%
,Colorado,8,Home (intended),3,February,2,69,0.00%
,Colorado,8,Home (intended),3,March,3,76,0.00%
,Colorado,8,Home (intended),3,April,4,74,0.00%
,Colorado,8,Home (intended),3,May,5,59,0.00%
,Colorado,8,Home (intended),3,June,6,62,0.00%
,Colorado,8,Home (intended),3,July,7,75,0.00%
,Colorado,8,Home (intended),3,August,8,73,0.00%
,Colorado,8,Home (intended),3,September,9,60,0.00%
,Colorado,8,Home (intended),3,October,10,68,0.00%
,Colorado,8,Home (intended),3,November,11,52,0.00%
,Colorado,8,Home (intended),3,December,12,56,0.00%
,Colorado,8,Home (not intended) ,4,January,1,11,0.00%
,Colorado,8,Home (not intended) ,4,August,8,12,0.00%
,Connecticut,9,Hospital,1,January,1,2775,0.07%
,Connecticut,9,Hospital,1,February,2,2567,0.07%
,Connecticut,9,Hospital,1,March,3,2806,0.07%
,Connecticut,9,Hospital,1,April,4,2778,0.07%
,Connecticut,9,Hospital,1,May,5,2851,0.08%
,Connecticut,9,Hospital,1,June,6,2816,0.08%
,Connecticut,9,Hospital,1,July,7,3016,0.08%
,Connecticut,9,Hospital,1,August,8,3168,0.08%
,Connecticut,9,Hospital,1,September,9,2837,0.08%
,Connecticut,9,Hospital,1,October,10,2935,0.08%
,Connecticut,9,Hospital,1,November,11,2672,0.07%
,Connecticut,9,Hospital,1,December,12,2720,0.07%
,Connecticut,9,Freestanding Birth Center,2,December,12,11,0.00%
,Connecticut,9,Home (intended),3,March,3,23,0.00%
,Connecticut,9,Home (intended),3,April,4,17,0.00%
,Connecticut,9,Home (intended),3,May,5,24,0.00%
,Connecticut,9,Home (intended),3,June,6,11,0.00%
,Connecticut,9,Home (intended),3,July,7,11,0.00%
,Connecticut,9,Home (intended),3,August,8,21,0.00%
,Connecticut,9,Home (intended),3,October,10,15,0.00%
,Connecticut,9,Home (intended),3,November,11,12,0.00%
,Delaware,10,Hospital,1,January,1,869,0.02%
,Delaware,10,Hospital,1,February,2,702,0.02%
,Delaware,10,Hospital,1,March,3,855,0.02%
,Delaware,10,Hospital,1,April,4,775,0.02%
,Delaware,10,Hospital,1,May,5,804,0.02%
,Delaware,10,Hospital,1,June,6,837,0.02%
,Delaware,10,Hospital,1,July,7,886,0.02%
,Delaware,10,Hospital,1,August,8,958,0.03%
,Delaware,10,Hospital,1,September,9,933,0.02%
,Delaware,10,Hospital,1,October,10,926,0.02%
,Delaware,10,Hospital,1,November,11,837,0.02%
,Delaware,10,Hospital,1,December,12,922,0.02%
,Delaware,10,Freestanding Birth Center,2,January,1,10,0.00%
,Delaware,10,Freestanding Birth Center,2,February,2,14,0.00%
,Delaware,10,Freestanding Birth Center,2,March,3,20,0.00%
,Delaware,10,Freestanding Birth Center,2,April,4,21,0.00%
,Delaware,10,Freestanding Birth Center,2,May,5,12,0.00%
,Delaware,10,Freestanding Birth Center,2,June,6,14,0.00%
,Delaware,10,Freestanding Birth Center,2,July,7,13,0.00%
,Delaware,10,Freestanding Birth Center,2,August,8,20,0.00%
,Delaware,10,Freestanding Birth Center,2,September,9,11,0.00%
,Delaware,10,Freestanding Birth Center,2,October,10,15,0.00%
,Delaware,10,Freestanding Birth Center,2,November,11,19,0.00%
,Delaware,10,Freestanding Birth Center,2,December,12,15,0.00%
,District of Columbia,11,Hospital,1,January,1,767,0.02%
,District of Columbia,11,Hospital,1,February,2,628,0.02%
,District of Columbia,11,Hospital,1,March,3,738,0.02%
,District of Columbia,11,Hospital,1,April,4,666,0.02%
,District of Columbia,11,Hospital,1,May,5,766,0.02%
,District of Columbia,11,Hospital,1,June,6,744,0.02%
,District of Columbia,11,Hospital,1,July,7,808,0.02%
,District of Columbia,11,Hospital,1,August,8,805,0.02%
,District of Columbia,11,Hospital,1,September,9,764,0.02%
,District of Columbia,11,Hospital,1,October,10,793,0.02%
,District of Columbia,11,Hospital,1,November,11,731,0.02%
,District of Columbia,11,Hospital,1,December,12,757,0.02%
,Florida,12,Hospital,1,January,1,18619,0.50%
,Florida,12,Hospital,1,February,2,16307,0.44%
,Florida,12,Hospital,1,March,3,17177,0.46%
,Florida,12,Hospital,1,April,4,17068,0.46%
,Florida,12,Hospital,1,May,5,17403,0.46%
,Florida,12,Hospital,1,June,6,16682,0.45%
,Florida,12,Hospital,1,July,7,18347,0.49%
,Florida,12,Hospital,1,August,8,19670,0.52%
,Florida,12,Hospital,1,September,9,19065,0.51%
,Florida,12,Hospital,1,October,10,19235,0.51%
,Florida,12,Hospital,1,November,11,17862,0.48%
,Florida,12,Hospital,1,December,12,18677,0.50%
,Florida,12,Freestanding Birth Center,2,January,1,148,0.00%
,Florida,12,Freestanding Birth Center,2,February,2,130,0.00%
,Florida,12,Freestanding Birth Center,2,March,3,141,0.00%
,Florida,12,Freestanding Birth Center,2,April,4,136,0.00%
,Florida,12,Freestanding Birth Center,2,May,5,137,0.00%
,Florida,12,Freestanding Birth Center,2,June,6,147,0.00%
,Florida,12,Freestanding Birth Center,2,July,7,139,0.00%
,Florida,12,Freestanding Birth Center,2,August,8,154,0.00%
,Florida,12,Freestanding Birth Center,2,September,9,126,0.00%
,Florida,12,Freestanding Birth Center,2,October,10,150,0.00%
,Florida,12,Freestanding Birth Center,2,November,11,118,0.00%
,Florida,12,Freestanding Birth Center,2,December,12,103,0.00%
,Florida,12,Home (intended),3,January,1,127,0.00%
,Florida,12,Home (intended),3,February,2,147,0.00%
,Florida,12,Home (intended),3,March,3,133,0.00%
,Florida,12,Home (intended),3,April,4,143,0.00%
,Florida,12,Home (intended),3,May,5,138,0.00%
,Florida,12,Home (intended),3,June,6,125,0.00%
,Florida,12,Home (intended),3,July,7,168,0.00%
,Florida,12,Home (intended),3,August,8,148,0.00%
,Florida,12,Home (intended),3,September,9,126,0.00%
,Florida,12,Home (intended),3,October,10,153,0.00%
,Florida,12,Home (intended),3,November,11,112,0.00%
,Florida,12,Home (intended),3,December,12,143,0.00%
,Florida,12,Home (not intended) ,4,January,1,38,0.00%
,Florida,12,Home (not intended) ,4,February,2,26,0.00%
,Florida,12,Home (not intended) ,4,March,3,25,0.00%
,Florida,12,Home (not intended) ,4,April,4,34,0.00%
,Florida,12,Home (not intended) ,4,May,5,33,0.00%
,Florida,12,Home (not intended) ,4,June,6,20,0.00%
,Florida,12,Home (not intended) ,4,July,7,38,0.00%
,Florida,12,Home (not intended) ,4,August,8,31,0.00%
,Florida,12,Home (not intended) ,4,September,9,27,0.00%
,Florida,12,Home (not intended) ,4,October,10,32,0.00%
,Florida,12,Home (not intended) ,4,November,11,37,0.00%
,Florida,12,Home (not intended) ,4,December,12,39,0.00%
,Florida,12,Other,7,January,1,21,0.00%
,Florida,12,Other,7,February,2,18,0.00%
,Florida,12,Other,7,March,3,11,0.00%
,Florida,12,Other,7,April,4,14,0.00%
,Florida,12,Other,7,May,5,12,0.00%
,Florida,12,Other,7,June,6,15,0.00%
,Florida,12,Other,7,July,7,27,0.00%
,Florida,12,Other,7,August,8,15,0.00%
,Florida,12,Other,7,September,9,18,0.00%
,Florida,12,Other,7,October,10,11,0.00%
,Florida,12,Other,7,November,11,16,0.00%
,Florida,12,Other,7,December,12,22,0.00%
,Georgia,13,Hospital,1,January,1,10623,0.28%
,Georgia,13,Hospital,1,February,2,9503,0.25%
,Georgia,13,Hospital,1,March,3,10077,0.27%
,Georgia,13,Hospital,1,April,4,9833,0.26%
,Georgia,13,Hospital,1,May,5,10420,0.28%
,Georgia,13,Hospital,1,June,6,9813,0.26%
,Georgia,13,Hospital,1,July,7,10931,0.29%
,Georgia,13,Hospital,1,August,8,11611,0.31%
,Georgia,13,Hospital,1,September,9,10847,0.29%
,Georgia,13,Hospital,1,October,10,10865,0.29%
,Georgia,13,Hospital,1,November,11,10014,0.27%
,Georgia,13,Hospital,1,December,12,10596,0.28%
,Georgia,13,Freestanding Birth Center,2,January,1,44,0.00%
,Georgia,13,Freestanding Birth Center,2,February,2,41,0.00%
,Georgia,13,Freestanding Birth Center,2,March,3,38,0.00%
,Georgia,13,Freestanding Birth Center,2,April,4,27,0.00%
,Georgia,13,Freestanding Birth Center,2,May,5,33,0.00%
,Georgia,13,Freestanding Birth Center,2,June,6,26,0.00%
,Georgia,13,Freestanding Birth Center,2,July,7,44,0.00%
,Georgia,13,Freestanding Birth Center,2,August,8,48,0.00%
,Georgia,13,Freestanding Birth Center,2,September,9,37,0.00%
,Georgia,13,Freestanding Birth Center,2,October,10,33,0.00%
,Georgia,13,Freestanding Birth Center,2,November,11,43,0.00%
,Georgia,13,Freestanding Birth Center,2,December,12,33,0.00%
,Georgia,13,Home (intended),3,January,1,41,0.00%
,Georgia,13,Home (intended),3,February,2,35,0.00%
,Georgia,13,Home (intended),3,March,3,42,0.00%
,Georgia,13,Home (intended),3,April,4,48,0.00%
,Georgia,13,Home (intended),3,May,5,42,0.00%
,Georgia,13,Home (intended),3,June,6,43,0.00%
,Georgia,13,Home (intended),3,July,7,50,0.00%
,Georgia,13,Home (intended),3,August,8,43,0.00%
,Georgia,13,Home (intended),3,September,9,44,0.00%
,Georgia,13,Home (intended),3,October,10,57,0.00%
,Georgia,13,Home (intended),3,November,11,49,0.00%
,Georgia,13,Home (intended),3,December,12,34,0.00%
,Georgia,13,Home (not intended) ,4,January,1,19,0.00%
,Georgia,13,Home (not intended) ,4,February,2,16,0.00%
,Georgia,13,Home (not intended) ,4,March,3,18,0.00%
,Georgia,13,Home (not intended) ,4,April,4,21,0.00%
,Georgia,13,Home (not intended) ,4,May,5,17,0.00%
,Georgia,13,Home (not intended) ,4,June,6,15,0.00%
,Georgia,13,Home (not intended) ,4,July,7,11,0.00%
,Georgia,13,Home (not intended) ,4,August,8,17,0.00%
,Georgia,13,Home (not intended) ,4,September,9,15,0.00%
,Georgia,13,Home (not intended) ,4,October,10,24,0.00%
,Georgia,13,Home (not intended) ,4,November,11,17,0.00%
,Georgia,13,Home (not intended) ,4,December,12,21,0.00%
,Hawaii,15,Hospital,1,January,1,1363,0.04%
,Hawaii,15,Hospital,1,February,2,1313,0.04%
,Hawaii,15,Hospital,1,March,3,1314,0.04%
,Hawaii,15,Hospital,1,April,4,1305,0.03%
,Hawaii,15,Hospital,1,May,5,1412,0.04%
,Hawaii,15,Hospital,1,June,6,1305,0.03%
,Hawaii,15,Hospital,1,July,7,1423,0.04%
,Hawaii,15,Hospital,1,August,8,1440,0.04%
,Hawaii,15,Hospital,1,September,9,1416,0.04%
,Hawaii,15,Hospital,1,October,10,1386,0.04%
,Hawaii,15,Hospital,1,November,11,1404,0.04%
,Hawaii,15,Hospital,1,December,12,1361,0.04%
,Hawaii,15,Home (intended),3,January,1,21,0.00%
,Hawaii,15,Home (intended),3,February,2,12,0.00%
,Hawaii,15,Home (intended),3,March,3,25,0.00%
,Hawaii,15,Home (intended),3,April,4,20,0.00%
,Hawaii,15,Home (intended),3,May,5,33,0.00%
,Hawaii,15,Home (intended),3,June,6,22,0.00%
,Hawaii,15,Home (intended),3,July,7,15,0.00%
,Hawaii,15,Home (intended),3,August,8,22,0.00%
,Hawaii,15,Home (intended),3,September,9,21,0.00%
,Hawaii,15,Home (intended),3,October,10,21,0.00%
,Hawaii,15,Home (intended),3,November,11,19,0.00%
,Hawaii,15,Home (intended),3,December,12,25,0.00%
,Idaho,16,Hospital,1,January,1,1601,0.04%
,Idaho,16,Hospital,1,February,2,1564,0.04%
,Idaho,16,Hospital,1,March,3,1746,0.05%
,Idaho,16,Hospital,1,April,4,1710,0.05%
,Idaho,16,Hospital,1,May,5,1809,0.05%
,Idaho,16,Hospital,1,June,6,1854,0.05%
,Idaho,16,Hospital,1,July,7,1938,0.05%
,Idaho,16,Hospital,1,August,8,1896,0.05%
,Idaho,16,Hospital,1,September,9,1702,0.05%
,Idaho,16,Hospital,1,October,10,1692,0.05%
,Idaho,16,Hospital,1,November,11,1673,0.04%
,Idaho,16,Hospital,1,December,12,1637,0.04%
,Idaho,16,Freestanding Birth Center,2,January,1,48,0.00%
,Idaho,16,Freestanding Birth Center,2,February,2,51,0.00%
,Idaho,16,Freestanding Birth Center,2,March,3,50,0.00%
,Idaho,16,Freestanding Birth Center,2,April,4,53,0.00%
,Idaho,16,Freestanding Birth Center,2,May,5,49,0.00%
,Idaho,16,Freestanding Birth Center,2,June,6,47,0.00%
,Idaho,16,Freestanding Birth Center,2,July,7,64,0.00%
,Idaho,16,Freestanding Birth Center,2,August,8,60,0.00%
,Idaho,16,Freestanding Birth Center,2,September,9,57,0.00%
,Idaho,16,Freestanding Birth Center,2,October,10,51,0.00%
,Idaho,16,Freestanding Birth Center,2,November,11,38,0.00%
,Idaho,16,Freestanding Birth Center,2,December,12,46,0.00%
,Idaho,16,Home (intended),3,January,1,51,0.00%
,Idaho,16,Home (intended),3,February,2,44,0.00%
,Idaho,16,Home (intended),3,March,3,50,0.00%
,Idaho,16,Home (intended),3,April,4,42,0.00%
,Idaho,16,Home (intended),3,May,5,48,0.00%
,Idaho,16,Home (intended),3,June,6,59,0.00%
,Idaho,16,Home (intended),3,July,7,60,0.00%
,Idaho,16,Home (intended),3,August,8,58,0.00%
,Idaho,16,Home (intended),3,September,9,57,0.00%
,Idaho,16,Home (intended),3,October,10,35,0.00%
,Idaho,16,Home (intended),3,November,11,41,0.00%
,Idaho,16,Home (intended),3,December,12,39,0.00%
,Illinois,17,Hospital,1,January,1,11187,0.30%
,Illinois,17,Hospital,1,February,2,10502,0.28%
,Illinois,17,Hospital,1,March,3,11339,0.30%
,Illinois,17,Hospital,1,April,4,11298,0.30%
,Illinois,17,Hospital,1,May,5,12011,0.32%
,Illinois,17,Hospital,1,June,6,11552,0.31%
,Illinois,17,Hospital,1,July,7,12848,0.34%
,Illinois,17,Hospital,1,August,8,12926,0.34%
,Illinois,17,Hospital,1,September,9,11683,0.31%
,Illinois,17,Hospital,1,October,10,11859,0.32%
,Illinois,17,Hospital,1,November,11,10838,0.29%
,Illinois,17,Hospital,1,December,12,11160,0.30%
,Illinois,17,Home (intended),3,January,1,45,0.00%
,Illinois,17,Home (intended),3,February,2,40,0.00%
,Illinois,17,Home (intended),3,March,3,51,0.00%
,Illinois,17,Home (intended),3,April,4,41,0.00%
,Illinois,17,Home (intended),3,May,5,40,0.00%
,Illinois,17,Home (intended),3,June,6,42,0.00%
,Illinois,17,Home (intended),3,July,7,43,0.00%
,Illinois,17,Home (intended),3,August,8,55,0.00%
,Illinois,17,Home (intended),3,September,9,53,0.00%
,Illinois,17,Home (intended),3,October,10,42,0.00%
,Illinois,17,Home (intended),3,November,11,49,0.00%
,Illinois,17,Home (intended),3,December,12,43,0.00%
,Illinois,17,Home (not intended) ,4,January,1,17,0.00%
,Illinois,17,Home (not intended) ,4,February,2,15,0.00%
,Illinois,17,Home (not intended) ,4,March,3,20,0.00%
,Illinois,17,Home (not intended) ,4,April,4,20,0.00%
,Illinois,17,Home (not intended) ,4,May,5,15,0.00%
,Illinois,17,Home (not intended) ,4,June,6,18,0.00%
,Illinois,17,Home (not intended) ,4,July,7,18,0.00%
,Illinois,17,Home (not intended) ,4,August,8,17,0.00%
,Illinois,17,Home (not intended) ,4,September,9,12,0.00%
,Illinois,17,Home (not intended) ,4,October,10,10,0.00%
,Illinois,17,Home (not intended) ,4,November,11,19,0.00%
,Illinois,17,Home (not intended) ,4,December,12,15,0.00%
,Illinois,17,Other,7,June,6,14,0.00%
,Indiana,18,Hospital,1,January,1,6400,0.17%
,Indiana,18,Hospital,1,February,2,5960,0.16%
,Indiana,18,Hospital,1,March,3,6322,0.17%
,Indiana,18,Hospital,1,April,4,6362,0.17%
,Indiana,18,Hospital,1,May,5,6571,0.18%
,Indiana,18,Hospital,1,June,6,6367,0.17%
,Indiana,18,Hospital,1,July,7,6997,0.19%
,Indiana,18,Hospital,1,August,8,7292,0.19%
,Indiana,18,Hospital,1,September,9,6931,0.18%
,Indiana,18,Hospital,1,October,10,6823,0.18%
,Indiana,18,Hospital,1,November,11,6234,0.17%
,Indiana,18,Hospital,1,December,12,6484,0.17%
,Indiana,18,Freestanding Birth Center,2,January,1,72,0.00%
,Indiana,18,Freestanding Birth Center,2,February,2,58,0.00%
,Indiana,18,Freestanding Birth Center,2,March,3,62,0.00%
,Indiana,18,Freestanding Birth Center,2,April,4,77,0.00%
,Indiana,18,Freestanding Birth Center,2,May,5,72,0.00%
,Indiana,18,Freestanding Birth Center,2,June,6,85,0.00%
,Indiana,18,Freestanding Birth Center,2,July,7,96,0.00%
,Indiana,18,Freestanding Birth Center,2,August,8,77,0.00%
,Indiana,18,Freestanding Birth Center,2,September,9,69,0.00%
,Indiana,18,Freestanding Birth Center,2,October,10,71,0.00%
,Indiana,18,Freestanding Birth Center,2,November,11,78,0.00%
,Indiana,18,Freestanding Birth Center,2,December,12,68,0.00%
,Indiana,18,Home (intended),3,January,1,74,0.00%
,Indiana,18,Home (intended),3,February,2,78,0.00%
,Indiana,18,Home (intended),3,March,3,82,0.00%
,Indiana,18,Home (intended),3,April,4,67,0.00%
,Indiana,18,Home (intended),3,May,5,65,0.00%
,Indiana,18,Home (intended),3,June,6,80,0.00%
,Indiana,18,Home (intended),3,July,7,95,0.00%
,Indiana,18,Home (intended),3,August,8,90,0.00%
,Indiana,18,Home (intended),3,September,9,96,0.00%
,Indiana,18,Home (intended),3,October,10,81,0.00%
,Indiana,18,Home (intended),3,November,11,72,0.00%
,Indiana,18,Home (intended),3,December,12,52,0.00%
,Indiana,18,Home (not intended) ,4,January,1,16,0.00%
,Indiana,18,Home (not intended) ,4,March,3,11,0.00%
,Indiana,18,Home (not intended) ,4,October,10,13,0.00%
,Indiana,18,Home (not intended) ,4,November,11,12,0.00%
,Indiana,18,Home (not intended) ,4,December,12,12,0.00%
,Indiana,18,Home (unknown if intended),5,January,1,15,0.00%
,Indiana,18,Home (unknown if intended),5,May,5,11,0.00%
,Indiana,18,Home (unknown if intended),5,June,6,11,0.00%
,Indiana,18,Home (unknown if intended),5,August,8,12,0.00%
,Indiana,18,Home (unknown if intended),5,September,9,11,0.00%
,Indiana,18,Home (unknown if intended),5,October,10,12,0.00%
,Indiana,18,Home (unknown if intended),5,November,11,11,0.00%
,Indiana,18,Home (unknown if intended),5,December,12,10,0.00%
,Iowa,19,Hospital,1,January,1,3012,0.08%
,Iowa,19,Hospital,1,February,2,2825,0.08%
,Iowa,19,Hospital,1,March,3,3007,0.08%
,Iowa,19,Hospital,1,April,4,3062,0.08%
,Iowa,19,Hospital,1,May,5,3230,0.09%
,Iowa,19,Hospital,1,June,6,3097,0.08%
,Iowa,19,Hospital,1,July,7,3380,0.09%
,Iowa,19,Hospital,1,August,8,3346,0.09%
,Iowa,19,Hospital,1,September,9,3196,0.09%
,Iowa,19,Hospital,1,October,10,3160,0.08%
,Iowa,19,Hospital,1,November,11,2870,0.08%
,Iowa,19,Hospital,1,December,12,2902,0.08%
,Iowa,19,Home (intended),3,January,1,47,0.00%
,Iowa,19,Home (intended),3,February,2,37,0.00%
,Iowa,19,Home (intended),3,March,3,55,0.00%
,Iowa,19,Home (intended),3,April,4,43,0.00%
,Iowa,19,Home (intended),3,May,5,31,0.00%
,Iowa,19,Home (intended),3,June,6,38,0.00%
,Iowa,19,Home (intended),3,July,7,55,0.00%
,Iowa,19,Home (intended),3,August,8,47,0.00%
,Iowa,19,Home (intended),3,September,9,29,0.00%
,Iowa,19,Home (intended),3,October,10,37,0.00%
,Iowa,19,Home (intended),3,November,11,33,0.00%
,Iowa,19,Home (intended),3,December,12,32,0.00%
,Kansas,20,Hospital,1,January,1,2929,0.08%
,Kansas,20,Hospital,1,February,2,2525,0.07%
,Kansas,20,Hospital,1,March,3,2791,0.07%
,Kansas,20,Hospital,1,April,4,2819,0.08%
,Kansas,20,Hospital,1,May,5,2918,0.08%
,Kansas,20,Hospital,1,June,6,2780,0.07%
,Kansas,20,Hospital,1,July,7,3143,0.08%
,Kansas,20,Hospital,1,August,8,3175,0.08%
,Kansas,20,Hospital,1,September,9,3038,0.08%
,Kansas,20,Hospital,1,October,10,2989,0.08%
,Kansas,20,Hospital,1,November,11,2653,0.07%
,Kansas,20,Hospital,1,December,12,2883,0.08%
,Kansas,20,Freestanding Birth Center,2,January,1,24,0.00%
,Kansas,20,Freestanding Birth Center,2,February,2,27,0.00%
,Kansas,20,Freestanding Birth Center,2,March,3,22,0.00%
,Kansas,20,Freestanding Birth Center,2,April,4,14,0.00%
,Kansas,20,Freestanding Birth Center,2,May,5,19,0.00%
,Kansas,20,Freestanding Birth Center,2,June,6,23,0.00%
,Kansas,20,Freestanding Birth Center,2,July,7,28,0.00%
,Kansas,20,Freestanding Birth Center,2,August,8,21,0.00%
,Kansas,20,Freestanding Birth Center,2,September,9,25,0.00%
,Kansas,20,Freestanding Birth Center,2,October,10,18,0.00%
,Kansas,20,Freestanding Birth Center,2,November,11,16,0.00%
,Kansas,20,Freestanding Birth Center,2,December,12,10,0.00%
,Kansas,20,Home (intended),3,January,1,24,0.00%
,Kansas,20,Home (intended),3,February,2,36,0.00%
,Kansas,20,Home (intended),3,March,3,39,0.00%
,Kansas,20,Home (intended),3,April,4,42,0.00%
,Kansas,20,Home (intended),3,May,5,33,0.00%
,Kansas,20,Home (intended),3,June,6,37,0.00%
,Kansas,20,Home (intended),3,July,7,59,0.00%
,Kansas,20,Home (intended),3,August,8,29,0.00%
,Kansas,20,Home (intended),3,September,9,37,0.00%
,Kansas,20,Home (intended),3,October,10,39,0.00%
,Kansas,20,Home (intended),3,November,11,33,0.00%
,Kansas,20,Home (intended),3,December,12,36,0.00%
,Kentucky,21,Hospital,1,January,1,4334,0.12%
,Kentucky,21,Hospital,1,February,2,3885,0.10%
,Kentucky,21,Hospital,1,March,3,4237,0.11%
,Kentucky,21,Hospital,1,April,4,4115,0.11%
,Kentucky,21,Hospital,1,May,5,4387,0.12%
,Kentucky,21,Hospital,1,June,6,4143,0.11%
,Kentucky,21,Hospital,1,July,7,4786,0.13%
,Kentucky,21,Hospital,1,August,8,4861,0.13%
,Kentucky,21,Hospital,1,September,9,4659,0.12%
,Kentucky,21,Hospital,1,October,10,4521,0.12%
,Kentucky,21,Hospital,1,November,11,4081,0.11%
,Kentucky,21,Hospital,1,December,12,4190,0.11%
,Kentucky,21,Freestanding Birth Center,2,November,11,11,0.00%
,Kentucky,21,Home (intended),3,January,1,59,0.00%
,Kentucky,21,Home (intended),3,February,2,39,0.00%
,Kentucky,21,Home (intended),3,March,3,51,0.00%
,Kentucky,21,Home (intended),3,April,4,51,0.00%
,Kentucky,21,Home (intended),3,May,5,49,0.00%
,Kentucky,21,Home (intended),3,June,6,44,0.00%
,Kentucky,21,Home (intended),3,July,7,49,0.00%
,Kentucky,21,Home (intended),3,August,8,60,0.00%
,Kentucky,21,Home (intended),3,September,9,51,0.00%
,Kentucky,21,Home (intended),3,October,10,45,0.00%
,Kentucky,21,Home (intended),3,November,11,43,0.00%
,Kentucky,21,Home (intended),3,December,12,35,0.00%
,Kentucky,21,Home (not intended) ,4,March,3,11,0.00%
,Kentucky,21,Other,7,March,3,10,0.00%
,Kentucky,21,Other,7,July,7,11,0.00%
,Kentucky,21,Other,7,October,10,13,0.00%
,Kentucky,21,Other,7,December,12,14,0.00%
,Louisiana,22,Hospital,1,January,1,5089,0.14%
,Louisiana,22,Hospital,1,February,2,4479,0.12%
,Louisiana,22,Hospital,1,March,3,4470,0.12%
,Louisiana,22,Hospital,1,April,4,4426,0.12%
,Louisiana,22,Hospital,1,May,5,4812,0.13%
,Louisiana,22,Hospital,1,June,6,4432,0.12%
,Louisiana,22,Hospital,1,July,7,5170,0.14%
,Louisiana,22,Hospital,1,August,8,5369,0.14%
,Louisiana,22,Hospital,1,September,9,5284,0.14%
,Louisiana,22,Hospital,1,October,10,5362,0.14%
,Louisiana,22,Hospital,1,November,11,4764,0.13%
,Louisiana,22,Hospital,1,December,12,5026,0.13%
,Louisiana,22,Home (intended),3,August,8,10,0.00%
,Louisiana,22,Home (not intended) ,4,January,1,12,0.00%
,Maine,23,Hospital,1,January,1,925,0.02%
,Maine,23,Hospital,1,February,2,822,0.02%
,Maine,23,Hospital,1,March,3,930,0.02%
,Maine,23,Hospital,1,April,4,948,0.03%
,Maine,23,Hospital,1,May,5,1034,0.03%
,Maine,23,Hospital,1,June,6,995,0.03%
,Maine,23,Hospital,1,July,7,1082,0.03%
,Maine,23,Hospital,1,August,8,998,0.03%
,Maine,23,Hospital,1,September,9,998,0.03%
,Maine,23,Hospital,1,October,10,984,0.03%
,Maine,23,Hospital,1,November,11,913,0.02%
,Maine,23,Hospital,1,December,12,889,0.02%
,Maine,23,Home (intended),3,January,1,10,0.00%
,Maine,23,Home (intended),3,February,2,14,0.00%
,Maine,23,Home (intended),3,March,3,13,0.00%
,Maine,23,Home (intended),3,April,4,22,0.00%
,Maine,23,Home (intended),3,May,5,17,0.00%
,Maine,23,Home (intended),3,June,6,10,0.00%
,Maine,23,Home (intended),3,July,7,24,0.00%
,Maine,23,Home (intended),3,August,8,22,0.00%
,Maine,23,Home (intended),3,September,9,25,0.00%
,Maine,23,Home (intended),3,October,10,16,0.00%
,Maine,23,Home (intended),3,November,11,11,0.00%
,Maine,23,Home (intended),3,December,12,15,0.00%
,Maryland,24,Hospital,1,January,1,5683,0.15%
,Maryland,24,Hospital,1,February,2,5134,0.14%
,Maryland,24,Hospital,1,March,3,5669,0.15%
,Maryland,24,Hospital,1,April,4,5578,0.15%
,Maryland,24,Hospital,1,May,5,5871,0.16%
,Maryland,24,Hospital,1,June,6,5627,0.15%
,Maryland,24,Hospital,1,July,7,6215,0.17%
,Maryland,24,Hospital,1,August,8,6259,0.17%
,Maryland,24,Hospital,1,September,9,5973,0.16%
,Maryland,24,Hospital,1,October,10,5937,0.16%
,Maryland,24,Hospital,1,November,11,5426,0.14%
,Maryland,24,Hospital,1,December,12,5842,0.16%
,Maryland,24,Freestanding Birth Center,2,January,1,21,0.00%
,Maryland,24,Freestanding Birth Center,2,February,2,21,0.00%
,Maryland,24,Freestanding Birth Center,2,March,3,23,0.00%
,Maryland,24,Freestanding Birth Center,2,April,4,34,0.00%
,Maryland,24,Freestanding Birth Center,2,May,5,35,0.00%
,Maryland,24,Freestanding Birth Center,2,June,6,32,0.00%
,Maryland,24,Freestanding Birth Center,2,July,7,25,0.00%
,Maryland,24,Freestanding Birth Center,2,August,8,22,0.00%
,Maryland,24,Freestanding Birth Center,2,September,9,33,0.00%
,Maryland,24,Freestanding Birth Center,2,October,10,35,0.00%
,Maryland,24,Freestanding Birth Center,2,November,11,39,0.00%
,Maryland,24,Freestanding Birth Center,2,December,12,22,0.00%
,Maryland,24,Home (intended),3,January,1,33,0.00%
,Maryland,24,Home (intended),3,February,2,27,0.00%
,Maryland,24,Home (intended),3,March,3,27,0.00%
,Maryland,24,Home (intended),3,April,4,31,0.00%
,Maryland,24,Home (intended),3,May,5,28,0.00%
,Maryland,24,Home (intended),3,June,6,35,0.00%
,Maryland,24,Home (intended),3,July,7,21,0.00%
,Maryland,24,Home (intended),3,August,8,38,0.00%
,Maryland,24,Home (intended),3,September,9,45,0.00%
,Maryland,24,Home (intended),3,October,10,39,0.00%
,Maryland,24,Home (intended),3,November,11,21,0.00%
,Maryland,24,Home (intended),3,December,12,27,0.00%
,Maryland,24,Home (not intended) ,4,February,2,13,0.00%
,Maryland,24,Home (not intended) ,4,March,3,12,0.00%
,Maryland,24,Home (not intended) ,4,April,4,14,0.00%
,Maryland,24,Home (not intended) ,4,May,5,15,0.00%
,Maryland,24,Home (not intended) ,4,June,6,11,0.00%
,Maryland,24,Home (not intended) ,4,July,7,11,0.00%
,Maryland,24,Home (not intended) ,4,August,8,12,0.00%
,Maryland,24,Home (not intended) ,4,September,9,12,0.00%
,Maryland,24,Home (not intended) ,4,October,10,16,0.00%
,Maryland,24,Home (not intended) ,4,November,11,14,0.00%
,Maryland,24,Home (not intended) ,4,December,12,11,0.00%
,Maryland,24,Other,7,January,1,11,0.00%
,Maryland,24,Other,7,June,6,10,0.00%
,Massachusetts,25,Hospital,1,January,1,5487,0.15%
,Massachusetts,25,Hospital,1,February,2,4973,0.13%
,Massachusetts,25,Hospital,1,March,3,5590,0.15%
,Massachusetts,25,Hospital,1,April,4,5641,0.15%
,Massachusetts,25,Hospital,1,May,5,5905,0.16%
,Massachusetts,25,Hospital,1,June,6,5707,0.15%
,Massachusetts,25,Hospital,1,July,7,6174,0.16%
,Massachusetts,25,Hospital,1,August,8,6301,0.17%
,Massachusetts,25,Hospital,1,September,9,5957,0.16%
,Massachusetts,25,Hospital,1,October,10,6012,0.16%
,Massachusetts,25,Hospital,1,November,11,5434,0.15%
,Massachusetts,25,Hospital,1,December,12,5358,0.14%
,Massachusetts,25,Freestanding Birth Center,2,January,1,13,0.00%
,Massachusetts,25,Freestanding Birth Center,2,February,2,13,0.00%
,Massachusetts,25,Freestanding Birth Center,2,March,3,15,0.00%
,Massachusetts,25,Freestanding Birth Center,2,April,4,11,0.00%
,Massachusetts,25,Freestanding Birth Center,2,May,5,10,0.00%
,Massachusetts,25,Freestanding Birth Center,2,June,6,13,0.00%
,Massachusetts,25,Freestanding Birth Center,2,July,7,11,0.00%
,Massachusetts,25,Freestanding Birth Center,2,October,10,17,0.00%
,Massachusetts,25,Home (intended),3,January,1,15,0.00%
,Massachusetts,25,Home (intended),3,February,2,12,0.00%
,Massachusetts,25,Home (intended),3,March,3,13,0.00%
,Massachusetts,25,Home (intended),3,April,4,11,0.00%
,Massachusetts,25,Home (intended),3,May,5,18,0.00%
,Massachusetts,25,Home (intended),3,June,6,17,0.00%
,Massachusetts,25,Home (intended),3,July,7,15,0.00%
,Massachusetts,25,Home (intended),3,August,8,13,0.00%
,Massachusetts,25,Home (intended),3,September,9,11,0.00%
,Massachusetts,25,Home (intended),3,October,10,17,0.00%
,Massachusetts,25,Home (not intended) ,4,January,1,10,0.00%
,Massachusetts,25,Home (not intended) ,4,February,2,12,0.00%
,Massachusetts,25,Home (not intended) ,4,March,3,10,0.00%
,Massachusetts,25,Home (not intended) ,4,May,5,12,0.00%
,Massachusetts,25,Home (not intended) ,4,July,7,10,0.00%
,Massachusetts,25,Home (not intended) ,4,October,10,10,0.00%
,Massachusetts,25,Home (unknown if intended),5,April,4,11,0.00%
,Massachusetts,25,Home (unknown if intended),5,May,5,14,0.00%
,Massachusetts,25,Home (unknown if intended),5,June,6,10,0.00%
,Massachusetts,25,Home (unknown if intended),5,July,7,11,0.00%
,Massachusetts,25,Home (unknown if intended),5,September,9,13,0.00%
,Massachusetts,25,Home (unknown if intended),5,October,10,14,0.00%
,Massachusetts,25,Home (unknown if intended),5,November,11,23,0.00%
,Massachusetts,25,Home (unknown if intended),5,December,12,12,0.00%
,Michigan,26,Hospital,1,January,1,8505,0.23%
,Michigan,26,Hospital,1,February,2,7993,0.21%
,Michigan,26,Hospital,1,March,3,8734,0.23%
,Michigan,26,Hospital,1,April,4,8575,0.23%
,Michigan,26,Hospital,1,May,5,9248,0.25%
,Michigan,26,Hospital,1,June,6,9081,0.24%
,Michigan,26,Hospital,1,July,7,9627,0.26%
,Michigan,26,Hospital,1,August,8,9649,0.26%
,Michigan,26,Hospital,1,September,9,9079,0.24%
,Michigan,26,Hospital,1,October,10,8882,0.24%
,Michigan,26,Hospital,1,November,11,8393,0.22%
,Michigan,26,Hospital,1,December,12,8449,0.23%
,Michigan,26,Freestanding Birth Center,2,March,3,11,0.00%
,Michigan,26,Freestanding Birth Center,2,August,8,10,0.00%
,Michigan,26,Freestanding Birth Center,2,December,12,10,0.00%
,Michigan,26,Home (intended),3,January,1,111,0.00%
,Michigan,26,Home (intended),3,February,2,100,0.00%
,Michigan,26,Home (intended),3,March,3,135,0.00%
,Michigan,26,Home (intended),3,April,4,108,0.00%
,Michigan,26,Home (intended),3,May,5,106,0.00%
,Michigan,26,Home (intended),3,June,6,127,0.00%
,Michigan,26,Home (intended),3,July,7,127,0.00%
,Michigan,26,Home (intended),3,August,8,113,0.00%
,Michigan,26,Home (intended),3,September,9,102,0.00%
,Michigan,26,Home (intended),3,October,10,97,0.00%
,Michigan,26,Home (intended),3,November,11,91,0.00%
,Michigan,26,Home (intended),3,December,12,72,0.00%
,Michigan,26,Home (not intended) ,4,January,1,26,0.00%
,Michigan,26,Home (not intended) ,4,February,2,23,0.00%
,Michigan,26,Home (not intended) ,4,March,3,16,0.00%
,Michigan,26,Home (not intended) ,4,April,4,13,0.00%
,Michigan,26,Home (not intended) ,4,May,5,23,0.00%
,Michigan,26,Home (not intended) ,4,June,6,19,0.00%
,Michigan,26,Home (not intended) ,4,July,7,25,0.00%
,Michigan,26,Home (not intended) ,4,August,8,17,0.00%
,Michigan,26,Home (not intended) ,4,September,9,19,0.00%
,Michigan,26,Home (not intended) ,4,October,10,18,0.00%
,Michigan,26,Home (not intended) ,4,November,11,20,0.00%
,Michigan,26,Home (not intended) ,4,December,12,13,0.00%
,Minnesota,27,Hospital,1,January,1,5074,0.14%
,Minnesota,27,Hospital,1,February,2,4778,0.13%
,Minnesota,27,Hospital,1,March,3,5348,0.14%
,Minnesota,27,Hospital,1,April,4,5251,0.14%
,Minnesota,27,Hospital,1,May,5,5779,0.15%
,Minnesota,27,Hospital,1,June,6,5495,0.15%
,Minnesota,27,Hospital,1,July,7,5889,0.16%
,Minnesota,27,Hospital,1,August,8,5822,0.16%
,Minnesota,27,Hospital,1,September,9,5454,0.15%
,Minnesota,27,Hospital,1,October,10,5612,0.15%
,Minnesota,27,Hospital,1,November,11,4995,0.13%
,Minnesota,27,Hospital,1,December,12,4969,0.13%
,Minnesota,27,Freestanding Birth Center,2,January,1,47,0.00%
,Minnesota,27,Freestanding Birth Center,2,February,2,55,0.00%
,Minnesota,27,Freestanding Birth Center,2,March,3,57,0.00%
,Minnesota,27,Freestanding Birth Center,2,April,4,49,0.00%
,Minnesota,27,Freestanding Birth Center,2,May,5,63,0.00%
,Minnesota,27,Freestanding Birth Center,2,June,6,71,0.00%
,Minnesota,27,Freestanding Birth Center,2,July,7,63,0.00%
,Minnesota,27,Freestanding Birth Center,2,August,8,64,0.00%
,Minnesota,27,Freestanding Birth Center,2,September,9,54,0.00%
,Minnesota,27,Freestanding Birth Center,2,October,10,69,0.00%
,Minnesota,27,Freestanding Birth Center,2,November,11,66,0.00%
,Minnesota,27,Freestanding Birth Center,2,December,12,68,0.00%
,Minnesota,27,Home (intended),3,January,1,53,0.00%
,Minnesota,27,Home (intended),3,February,2,53,0.00%
,Minnesota,27,Home (intended),3,March,3,61,0.00%
,Minnesota,27,Home (intended),3,April,4,67,0.00%
,Minnesota,27,Home (intended),3,May,5,60,0.00%
,Minnesota,27,Home (intended),3,June,6,50,0.00%
,Minnesota,27,Home (intended),3,July,7,67,0.00%
,Minnesota,27,Home (intended),3,August,8,56,0.00%
,Minnesota,27,Home (intended),3,September,9,52,0.00%
,Minnesota,27,Home (intended),3,October,10,64,0.00%
,Minnesota,27,Home (intended),3,November,11,51,0.00%
,Minnesota,27,Home (intended),3,December,12,62,0.00%
,Minnesota,27,Home (not intended) ,4,February,2,11,0.00%
,Minnesota,27,Home (not intended) ,4,September,9,16,0.00%
,Mississippi,28,Hospital,1,January,1,3159,0.08%
,Mississippi,28,Hospital,1,February,2,2662,0.07%
,Mississippi,28,Hospital,1,March,3,2841,0.08%
,Mississippi,28,Hospital,1,April,4,2796,0.07%
,Mississippi,28,Hospital,1,May,5,2901,0.08%
,Mississippi,28,Hospital,1,June,6,2776,0.07%
,Mississippi,28,Hospital,1,July,7,3362,0.09%
,Mississippi,28,Hospital,1,August,8,3351,0.09%
,Mississippi,28,Hospital,1,September,9,3237,0.09%
,Mississippi,28,Hospital,1,October,10,3243,0.09%
,Mississippi,28,Hospital,1,November,11,2884,0.08%
,Mississippi,28,Hospital,1,December,12,3239,0.09%
,Mississippi,28,Home (intended),3,January,1,13,0.00%
,Mississippi,28,Home (intended),3,May,5,12,0.00%
,Mississippi,28,Home (intended),3,June,6,11,0.00%
,Mississippi,28,Home (intended),3,August,8,11,0.00%
,Mississippi,28,Home (intended),3,September,9,13,0.00%
,Mississippi,28,Home (intended),3,November,11,14,0.00%
,Missouri,29,Hospital,1,January,1,5757,0.15%
,Missouri,29,Hospital,1,February,2,5180,0.14%
,Missouri,29,Hospital,1,March,3,5670,0.15%
,Missouri,29,Hospital,1,April,4,5741,0.15%
,Missouri,29,Hospital,1,May,5,6063,0.16%
,Missouri,29,Hospital,1,June,6,5758,0.15%
,Missouri,29,Hospital,1,July,7,6257,0.17%
,Missouri,29,Hospital,1,August,8,6470,0.17%
,Missouri,29,Hospital,1,September,9,6087,0.16%
,Missouri,29,Hospital,1,October,10,6130,0.16%
,Missouri,29,Hospital,1,November,11,5585,0.15%
,Missouri,29,Hospital,1,December,12,5724,0.15%
,Missouri,29,Freestanding Birth Center,2,January,1,15,0.00%
,Missouri,29,Freestanding Birth Center,2,February,2,19,0.00%
,Missouri,29,Freestanding Birth Center,2,March,3,16,0.00%
,Missouri,29,Freestanding Birth Center,2,April,4,31,0.00%
,Missouri,29,Freestanding Birth Center,2,May,5,28,0.00%
,Missouri,29,Freestanding Birth Center,2,June,6,17,0.00%
,Missouri,29,Freestanding Birth Center,2,July,7,22,0.00%
,Missouri,29,Freestanding Birth Center,2,August,8,23,0.00%
,Missouri,29,Freestanding Birth Center,2,September,9,18,0.00%
,Missouri,29,Freestanding Birth Center,2,October,10,19,0.00%
,Missouri,29,Freestanding Birth Center,2,November,11,17,0.00%
,Missouri,29,Freestanding Birth Center,2,December,12,15,0.00%
,Missouri,29,Home (intended),3,January,1,103,0.00%
,Missouri,29,Home (intended),3,February,2,82,0.00%
,Missouri,29,Home (intended),3,March,3,78,0.00%
,Missouri,29,Home (intended),3,April,4,82,0.00%
,Missouri,29,Home (intended),3,May,5,88,0.00%
,Missouri,29,Home (intended),3,June,6,83,0.00%
,Missouri,29,Home (intended),3,July,7,96,0.00%
,Missouri,29,Home (intended),3,August,8,103,0.00%
,Missouri,29,Home (intended),3,September,9,74,0.00%
,Missouri,29,Home (intended),3,October,10,70,0.00%
,Missouri,29,Home (intended),3,November,11,56,0.00%
,Missouri,29,Home (intended),3,December,12,57,0.00%
,Missouri,29,Home (not intended) ,4,February,2,10,0.00%
,Missouri,29,Home (not intended) ,4,September,9,10,0.00%
,Missouri,29,Home (not intended) ,4,October,10,13,0.00%
,Missouri,29,Clinic / Doctor's Office,6,January,1,11,0.00%
,Missouri,29,Clinic / Doctor's Office,6,February,2,15,0.00%
,Missouri,29,Clinic / Doctor's Office,6,March,3,20,0.00%
,Missouri,29,Clinic / Doctor's Office,6,April,4,19,0.00%
,Missouri,29,Clinic / Doctor's Office,6,May,5,23,0.00%
,Missouri,29,Clinic / Doctor's Office,6,June,6,17,0.00%
,Missouri,29,Clinic / Doctor's Office,6,July,7,15,0.00%
,Missouri,29,Clinic / Doctor's Office,6,August,8,23,0.00%
,Missouri,29,Clinic / Doctor's Office,6,September,9,19,0.00%
,Missouri,29,Clinic / Doctor's Office,6,October,10,25,0.00%
,Missouri,29,Clinic / Doctor's Office,6,November,11,18,0.00%
,Missouri,29,Clinic / Doctor's Office,6,December,12,25,0.00%
,Missouri,29,Other,7,January,1,17,0.00%
,Missouri,29,Other,7,February,2,12,0.00%
,Missouri,29,Other,7,March,3,21,0.00%
,Missouri,29,Other,7,April,4,10,0.00%
,Missouri,29,Other,7,May,5,14,0.00%
,Missouri,29,Other,7,June,6,13,0.00%
,Missouri,29,Other,7,July,7,23,0.00%
,Missouri,29,Other,7,August,8,15,0.00%
,Missouri,29,Other,7,September,9,14,0.00%
,Missouri,29,Other,7,October,10,11,0.00%
,Montana,30,Hospital,1,January,1,849,0.02%
,Montana,30,Hospital,1,February,2,826,0.02%
,Montana,30,Hospital,1,March,3,889,0.02%
,Montana,30,Hospital,1,April,4,878,0.02%
,Montana,30,Hospital,1,May,5,948,0.03%
,Montana,30,Hospital,1,June,6,923,0.02%
,Montana,30,Hospital,1,July,7,966,0.03%
,Montana,30,Hospital,1,August,8,943,0.03%
,Montana,30,Hospital,1,September,9,906,0.02%
,Montana,30,Hospital,1,October,10,868,0.02%
,Montana,30,Hospital,1,November,11,808,0.02%
,Montana,30,Hospital,1,December,12,835,0.02%
,Montana,30,Freestanding Birth Center,2,February,2,10,0.00%
,Montana,30,Freestanding Birth Center,2,March,3,20,0.00%
,Montana,30,Freestanding Birth Center,2,April,4,17,0.00%
,Montana,30,Freestanding Birth Center,2,May,5,20,0.00%
,Montana,30,Freestanding Birth Center,2,June,6,16,0.00%
,Montana,30,Freestanding Birth Center,2,July,7,16,0.00%
,Montana,30,Freestanding Birth Center,2,August,8,14,0.00%
,Montana,30,Freestanding Birth Center,2,September,9,14,0.00%
,Montana,30,Freestanding Birth Center,2,October,10,16,0.00%
,Montana,30,Freestanding Birth Center,2,November,11,10,0.00%
,Montana,30,Freestanding Birth Center,2,December,12,14,0.00%
,Montana,30,Home (intended),3,January,1,22,0.00%
,Montana,30,Home (intended),3,February,2,20,0.00%
,Montana,30,Home (intended),3,March,3,25,0.00%
,Montana,30,Home (intended),3,April,4,13,0.00%
,Montana,30,Home (intended),3,May,5,27,0.00%
,Montana,30,Home (intended),3,June,6,19,0.00%
,Montana,30,Home (intended),3,July,7,26,0.00%
,Montana,30,Home (intended),3,August,8,18,0.00%
,Montana,30,Home (intended),3,September,9,17,0.00%
,Montana,30,Home (intended),3,October,10,15,0.00%
,Montana,30,Home (intended),3,November,11,16,0.00%
,Montana,30,Home (intended),3,December,12,20,0.00%
,Nebraska,31,Hospital,1,January,1,1939,0.05%
,Nebraska,31,Hospital,1,February,2,1851,0.05%
,Nebraska,31,Hospital,1,March,3,2031,0.05%
,Nebraska,31,Hospital,1,April,4,2076,0.06%
,Nebraska,31,Hospital,1,May,5,2162,0.06%
,Nebraska,31,Hospital,1,June,6,2015,0.05%
,Nebraska,31,Hospital,1,July,7,2175,0.06%
,Nebraska,31,Hospital,1,August,8,2190,0.06%
,Nebraska,31,Hospital,1,September,9,2138,0.06%
,Nebraska,31,Hospital,1,October,10,2124,0.06%
,Nebraska,31,Hospital,1,November,11,1956,0.05%
,Nebraska,31,Hospital,1,December,12,1959,0.05%
,Nebraska,31,Home (intended),3,March,3,11,0.00%
,Nevada,32,Hospital,1,January,1,2903,0.08%
,Nevada,32,Hospital,1,February,2,2550,0.07%
,Nevada,32,Hospital,1,March,3,2765,0.07%
,Nevada,32,Hospital,1,April,4,2641,0.07%
,Nevada,32,Hospital,1,May,5,2782,0.07%
,Nevada,32,Hospital,1,June,6,2847,0.08%
,Nevada,32,Hospital,1,July,7,3072,0.08%
,Nevada,32,Hospital,1,August,8,3258,0.09%
,Nevada,32,Hospital,1,September,9,3051,0.08%
,Nevada,32,Hospital,1,October,10,2980,0.08%
,Nevada,32,Hospital,1,November,11,2701,0.07%
,Nevada,32,Hospital,1,December,12,2929,0.08%
,Nevada,32,Home (intended),3,January,1,42,0.00%
,Nevada,32,Home (intended),3,February,2,47,0.00%
,Nevada,32,Home (intended),3,March,3,42,0.00%
,Nevada,32,Home (intended),3,April,4,42,0.00%
,Nevada,32,Home (intended),3,May,5,51,0.00%
,Nevada,32,Home (intended),3,June,6,40,0.00%
,Nevada,32,Home (intended),3,July,7,35,0.00%
,Nevada,32,Home (intended),3,August,8,38,0.00%
,Nevada,32,Home (intended),3,September,9,43,0.00%
,Nevada,32,Home (intended),3,October,10,53,0.00%
,Nevada,32,Home (intended),3,November,11,31,0.00%
,Nevada,32,Home (intended),3,December,12,38,0.00%
,New Hampshire,33,Hospital,1,January,1,882,0.02%
,New Hampshire,33,Hospital,1,February,2,835,0.02%
,New Hampshire,33,Hospital,1,March,3,940,0.03%
,New Hampshire,33,Hospital,1,April,4,976,0.03%
,New Hampshire,33,Hospital,1,May,5,991,0.03%
,New Hampshire,33,Hospital,1,June,6,971,0.03%
,New Hampshire,33,Hospital,1,July,7,1066,0.03%
,New Hampshire,33,Hospital,1,August,8,1067,0.03%
,New Hampshire,33,Hospital,1,September,9,976,0.03%
,New Hampshire,33,Hospital,1,October,10,1024,0.03%
,New Hampshire,33,Hospital,1,November,11,887,0.02%
,New Hampshire,33,Hospital,1,December,12,927,0.02%
,New Hampshire,33,Freestanding Birth Center,2,January,1,10,0.00%
,New Hampshire,33,Freestanding Birth Center,2,February,2,12,0.00%
,New Hampshire,33,Freestanding Birth Center,2,May,5,13,0.00%
,New Hampshire,33,Freestanding Birth Center,2,July,7,10,0.00%
,New Hampshire,33,Freestanding Birth Center,2,August,8,12,0.00%
,New Hampshire,33,Freestanding Birth Center,2,September,9,14,0.00%
,New Hampshire,33,Freestanding Birth Center,2,October,10,11,0.00%
,New Hampshire,33,Freestanding Birth Center,2,November,11,11,0.00%
,New Hampshire,33,Home (intended),3,February,2,13,0.00%
,New Hampshire,33,Home (intended),3,March,3,15,0.00%
,New Hampshire,33,Home (intended),3,May,5,15,0.00%
,New Hampshire,33,Home (intended),3,June,6,10,0.00%
,New Hampshire,33,Home (intended),3,July,7,15,0.00%
,New Hampshire,33,Home (intended),3,August,8,13,0.00%
,New Hampshire,33,Home (intended),3,September,9,17,0.00%
,New Hampshire,33,Home (intended),3,October,10,15,0.00%
,New Jersey,34,Hospital,1,January,1,7955,0.21%
,New Jersey,34,Hospital,1,February,2,7308,0.20%
,New Jersey,34,Hospital,1,March,3,7942,0.21%
,New Jersey,34,Hospital,1,April,4,8018,0.21%
,New Jersey,34,Hospital,1,May,5,8405,0.22%
,New Jersey,34,Hospital,1,June,6,8301,0.22%
,New Jersey,34,Hospital,1,July,7,8751,0.23%
,New Jersey,34,Hospital,1,August,8,9052,0.24%
,New Jersey,34,Hospital,1,September,9,8724,0.23%
,New Jersey,34,Hospital,1,October,10,8500,0.23%
,New Jersey,34,Hospital,1,November,11,7919,0.21%
,New Jersey,34,Hospital,1,December,12,8051,0.21%
,New Jersey,34,Freestanding Birth Center,2,January,1,12,0.00%
,New Jersey,34,Freestanding Birth Center,2,May,5,11,0.00%
,New Jersey,34,Freestanding Birth Center,2,July,7,17,0.00%
,New Jersey,34,Freestanding Birth Center,2,August,8,15,0.00%
,New Jersey,34,Freestanding Birth Center,2,September,9,12,0.00%
,New Jersey,34,Freestanding Birth Center,2,October,10,10,0.00%
,New Jersey,34,Freestanding Birth Center,2,November,11,18,0.00%
,New Jersey,34,Freestanding Birth Center,2,December,12,14,0.00%
,New Jersey,34,Home (intended),3,January,1,27,0.00%
,New Jersey,34,Home (intended),3,February,2,18,0.00%
,New Jersey,34,Home (intended),3,March,3,15,0.00%
,New Jersey,34,Home (intended),3,April,4,18,0.00%
,New Jersey,34,Home (intended),3,May,5,21,0.00%
,New Jersey,34,Home (intended),3,June,6,17,0.00%
,New Jersey,34,Home (intended),3,July,7,12,0.00%
,New Jersey,34,Home (intended),3,August,8,25,0.00%
,New Jersey,34,Home (intended),3,September,9,24,0.00%
,New Jersey,34,Home (intended),3,October,10,19,0.00%
,New Jersey,34,Home (intended),3,November,11,19,0.00%
,New Jersey,34,Home (intended),3,December,12,14,0.00%
,New Jersey,34,Home (not intended) ,4,January,1,14,0.00%
,New Jersey,34,Home (not intended) ,4,February,2,17,0.00%
,New Jersey,34,Home (not intended) ,4,March,3,16,0.00%
,New Jersey,34,Home (not intended) ,4,April,4,22,0.00%
,New Jersey,34,Home (not intended) ,4,May,5,14,0.00%
,New Jersey,34,Home (not intended) ,4,June,6,18,0.00%
,New Jersey,34,Home (not intended) ,4,July,7,12,0.00%
,New Jersey,34,Home (not intended) ,4,August,8,10,0.00%
,New Jersey,34,Home (not intended) ,4,September,9,13,0.00%
,New Jersey,34,Home (not intended) ,4,October,10,21,0.00%
,New Jersey,34,Home (not intended) ,4,November,11,18,0.00%
,New Jersey,34,Home (not intended) ,4,December,12,11,0.00%
,New Jersey,34,Other,7,January,1,10,0.00%
,New Jersey,34,Other,7,June,6,10,0.00%
,New Jersey,34,Other,7,July,7,11,0.00%
,New Jersey,34,Other,7,September,9,11,0.00%
,New Jersey,34,Other,7,November,11,12,0.00%
,New Mexico,35,Hospital,1,January,1,1844,0.05%
,New Mexico,35,Hospital,1,February,2,1591,0.04%
,New Mexico,35,Hospital,1,March,3,1784,0.05%
,New Mexico,35,Hospital,1,April,4,1815,0.05%
,New Mexico,35,Hospital,1,May,5,1895,0.05%
,New Mexico,35,Hospital,1,June,6,1838,0.05%
,New Mexico,35,Hospital,1,July,7,1999,0.05%
,New Mexico,35,Hospital,1,August,8,2069,0.06%
,New Mexico,35,Hospital,1,September,9,1988,0.05%
,New Mexico,35,Hospital,1,October,10,1946,0.05%
,New Mexico,35,Hospital,1,November,11,1851,0.05%
,New Mexico,35,Hospital,1,December,12,1820,0.05%
,New Mexico,35,Freestanding Birth Center,2,January,1,17,0.00%
,New Mexico,35,Freestanding Birth Center,2,February,2,16,0.00%
,New Mexico,35,Freestanding Birth Center,2,March,3,22,0.00%
,New Mexico,35,Freestanding Birth Center,2,April,4,18,0.00%
,New Mexico,35,Freestanding Birth Center,2,May,5,22,0.00%
,New Mexico,35,Freestanding Birth Center,2,June,6,21,0.00%
,New Mexico,35,Freestanding Birth Center,2,July,7,20,0.00%
,New Mexico,35,Freestanding Birth Center,2,August,8,17,0.00%
,New Mexico,35,Freestanding Birth Center,2,September,9,22,0.00%
,New Mexico,35,Freestanding Birth Center,2,October,10,12,0.00%
,New Mexico,35,Freestanding Birth Center,2,November,11,20,0.00%
,New Mexico,35,Freestanding Birth Center,2,December,12,13,0.00%
,New Mexico,35,Home (intended),3,January,1,15,0.00%
,New Mexico,35,Home (intended),3,February,2,15,0.00%
,New Mexico,35,Home (intended),3,March,3,25,0.00%
,New Mexico,35,Home (intended),3,April,4,18,0.00%
,New Mexico,35,Home (intended),3,May,5,29,0.00%
,New Mexico,35,Home (intended),3,June,6,29,0.00%
,New Mexico,35,Home (intended),3,July,7,24,0.00%
,New Mexico,35,Home (intended),3,August,8,23,0.00%
,New Mexico,35,Home (intended),3,September,9,14,0.00%
,New Mexico,35,Home (intended),3,October,10,17,0.00%
,New Mexico,35,Home (intended),3,November,11,19,0.00%
,New Mexico,35,Home (intended),3,December,12,11,0.00%
,New York,36,Hospital,1,January,1,17977,0.48%
,New York,36,Hospital,1,February,2,16044,0.43%
,New York,36,Hospital,1,March,3,17651,0.47%
,New York,36,Hospital,1,April,4,17717,0.47%
,New York,36,Hospital,1,May,5,18510,0.49%
,New York,36,Hospital,1,June,6,18300,0.49%
,New York,36,Hospital,1,July,7,19545,0.52%
,New York,36,Hospital,1,August,8,19738,0.53%
,New York,36,Hospital,1,September,9,18858,0.50%
,New York,36,Hospital,1,October,10,18585,0.50%
,New York,36,Hospital,1,November,11,17442,0.47%
,New York,36,Hospital,1,December,12,17930,0.48%
,New York,36,Freestanding Birth Center,2,January,1,25,0.00%
,New York,36,Freestanding Birth Center,2,March,3,14,0.00%
,New York,36,Freestanding Birth Center,2,April,4,25,0.00%
,New York,36,Freestanding Birth Center,2,May,5,23,0.00%
,New York,36,Freestanding Birth Center,2,June,6,18,0.00%
,New York,36,Freestanding Birth Center,2,July,7,23,0.00%
,New York,36,Freestanding Birth Center,2,August,8,31,0.00%
,New York,36,Freestanding Birth Center,2,September,9,28,0.00%
,New York,36,Freestanding Birth Center,2,October,10,34,0.00%
,New York,36,Freestanding Birth Center,2,November,11,28,0.00%
,New York,36,Freestanding Birth Center,2,December,12,10,0.00%
,New York,36,Home (intended),3,January,1,164,0.00%
,New York,36,Home (intended),3,February,2,150,0.00%
,New York,36,Home (intended),3,March,3,159,0.00%
,New York,36,Home (intended),3,April,4,128,0.00%
,New York,36,Home (intended),3,May,5,163,0.00%
,New York,36,Home (intended),3,June,6,155,0.00%
,New York,36,Home (intended),3,July,7,175,0.00%
,New York,36,Home (intended),3,August,8,191,0.01%
,New York,36,Home (intended),3,September,9,154,0.00%
,New York,36,Home (intended),3,October,10,147,0.00%
,New York,36,Home (intended),3,November,11,145,0.00%
,New York,36,Home (intended),3,December,12,128,0.00%
,New York,36,Home (not intended) ,4,January,1,66,0.00%
,New York,36,Home (not intended) ,4,February,2,41,0.00%
,New York,36,Home (not intended) ,4,March,3,33,0.00%
,New York,36,Home (not intended) ,4,April,4,47,0.00%
,New York,36,Home (not intended) ,4,May,5,34,0.00%
,New York,36,Home (not intended) ,4,June,6,49,0.00%
,New York,36,Home (not intended) ,4,July,7,48,0.00%
,New York,36,Home (not intended) ,4,August,8,35,0.00%
,New York,36,Home (not intended) ,4,September,9,50,0.00%
,New York,36,Home (not intended) ,4,October,10,38,0.00%
,New York,36,Home (not intended) ,4,November,11,43,0.00%
,New York,36,Home (not intended) ,4,December,12,45,0.00%
,New York,36,Home (unknown if intended),5,January,1,10,0.00%
,New York,36,Other,7,January,1,41,0.00%
,New York,36,Other,7,February,2,46,0.00%
,New York,36,Other,7,March,3,42,0.00%
,New York,36,Other,7,April,4,40,0.00%
,New York,36,Other,7,May,5,37,0.00%
,New York,36,Other,7,June,6,29,0.00%
,New York,36,Other,7,July,7,34,0.00%
,New York,36,Other,7,August,8,43,0.00%
,New York,36,Other,7,September,9,50,0.00%
,New York,36,Other,7,October,10,44,0.00%
,New York,36,Other,7,November,11,31,0.00%
,New York,36,Other,7,December,12,47,0.00%
,North Carolina,37,Hospital,1,January,1,9885,0.26%
,North Carolina,37,Hospital,1,February,2,8614,0.23%
,North Carolina,37,Hospital,1,March,3,9593,0.26%
,North Carolina,37,Hospital,1,April,4,9138,0.24%
,North Carolina,37,Hospital,1,May,5,9868,0.26%
,North Carolina,37,Hospital,1,June,6,9413,0.25%
,North Carolina,37,Hospital,1,July,7,10307,0.28%
,North Carolina,37,Hospital,1,August,8,10806,0.29%
,North Carolina,37,Hospital,1,September,9,10241,0.27%
,North Carolina,37,Hospital,1,October,10,10053,0.27%
,North Carolina,37,Hospital,1,November,11,9316,0.25%
,North Carolina,37,Hospital,1,December,12,9878,0.26%
,North Carolina,37,Freestanding Birth Center,2,January,1,92,0.00%
,North Carolina,37,Freestanding Birth Center,2,February,2,91,0.00%
,North Carolina,37,Freestanding Birth Center,2,March,3,86,0.00%
,North Carolina,37,Freestanding Birth Center,2,April,4,78,0.00%
,North Carolina,37,Freestanding Birth Center,2,May,5,76,0.00%
,North Carolina,37,Freestanding Birth Center,2,June,6,64,0.00%
,North Carolina,37,Freestanding Birth Center,2,July,7,78,0.00%
,North Carolina,37,Freestanding Birth Center,2,August,8,71,0.00%
,North Carolina,37,Freestanding Birth Center,2,September,9,65,0.00%
,North Carolina,37,Freestanding Birth Center,2,October,10,59,0.00%
,North Carolina,37,Freestanding Birth Center,2,November,11,61,0.00%
,North Carolina,37,Freestanding Birth Center,2,December,12,55,0.00%
,North Carolina,37,Home (intended),3,January,1,42,0.00%
,North Carolina,37,Home (intended),3,February,2,41,0.00%
,North Carolina,37,Home (intended),3,March,3,40,0.00%
,North Carolina,37,Home (intended),3,April,4,44,0.00%
,North Carolina,37,Home (intended),3,May,5,45,0.00%
,North Carolina,37,Home (intended),3,June,6,38,0.00%
,North Carolina,37,Home (intended),3,July,7,40,0.00%
,North Carolina,37,Home (intended),3,August,8,37,0.00%
,North Carolina,37,Home (intended),3,September,9,50,0.00%
,North Carolina,37,Home (intended),3,October,10,36,0.00%
,North Carolina,37,Home (intended),3,November,11,25,0.00%
,North Carolina,37,Home (intended),3,December,12,39,0.00%
,North Carolina,37,Home (not intended) ,4,January,1,18,0.00%
,North Carolina,37,Home (not intended) ,4,February,2,15,0.00%
,North Carolina,37,Home (not intended) ,4,March,3,16,0.00%
,North Carolina,37,Home (not intended) ,4,April,4,17,0.00%
,North Carolina,37,Home (not intended) ,4,May,5,19,0.00%
,North Carolina,37,Home (not intended) ,4,June,6,15,0.00%
,North Carolina,37,Home (not intended) ,4,July,7,17,0.00%
,North Carolina,37,Home (not intended) ,4,August,8,18,0.00%
,North Carolina,37,Home (not intended) ,4,September,9,15,0.00%
,North Carolina,37,Home (not intended) ,4,October,10,17,0.00%
,North Carolina,37,Home (not intended) ,4,November,11,29,0.00%
,North Carolina,37,Home (not intended) ,4,December,12,24,0.00%
,North Dakota,38,Hospital,1,January,1,863,0.02%
,North Dakota,38,Hospital,1,February,2,755,0.02%
,North Dakota,38,Hospital,1,March,3,889,0.02%
,North Dakota,38,Hospital,1,April,4,888,0.02%
,North Dakota,38,Hospital,1,May,5,930,0.02%
,North Dakota,38,Hospital,1,June,6,871,0.02%
,North Dakota,38,Hospital,1,July,7,968,0.03%
,North Dakota,38,Hospital,1,August,8,930,0.02%
,North Dakota,38,Hospital,1,September,9,836,0.02%
,North Dakota,38,Hospital,1,October,10,837,0.02%
,North Dakota,38,Hospital,1,November,11,760,0.02%
,North Dakota,38,Hospital,1,December,12,781,0.02%
,North Dakota,38,Home (intended),3,March,3,14,0.00%
,North Dakota,38,Home (intended),3,May,5,11,0.00%
,North Dakota,38,Home (intended),3,June,6,10,0.00%
,North Dakota,38,Home (intended),3,August,8,15,0.00%
,Ohio,39,Hospital,1,January,1,10882,0.29%
,Ohio,39,Hospital,1,February,2,9892,0.26%
,Ohio,39,Hospital,1,March,3,10676,0.28%
,Ohio,39,Hospital,1,April,4,10551,0.28%
,Ohio,39,Hospital,1,May,5,11170,0.30%
,Ohio,39,Hospital,1,June,6,10953,0.29%
,Ohio,39,Hospital,1,July,7,11780,0.31%
,Ohio,39,Hospital,1,August,8,12136,0.32%
,Ohio,39,Hospital,1,September,9,11500,0.31%
,Ohio,39,Hospital,1,October,10,11528,0.31%
,Ohio,39,Hospital,1,November,11,10221,0.27%
,Ohio,39,Hospital,1,December,12,10761,0.29%
,Ohio,39,Freestanding Birth Center,2,January,1,64,0.00%
,Ohio,39,Freestanding Birth Center,2,February,2,50,0.00%
,Ohio,39,Freestanding Birth Center,2,March,3,66,0.00%
,Ohio,39,Freestanding Birth Center,2,April,4,48,0.00%
,Ohio,39,Freestanding Birth Center,2,May,5,61,0.00%
,Ohio,39,Freestanding Birth Center,2,June,6,61,0.00%
,Ohio,39,Freestanding Birth Center,2,July,7,54,0.00%
,Ohio,39,Freestanding Birth Center,2,August,8,70,0.00%
,Ohio,39,Freestanding Birth Center,2,September,9,53,0.00%
,Ohio,39,Freestanding Birth Center,2,October,10,62,0.00%
,Ohio,39,Freestanding Birth Center,2,November,11,56,0.00%
,Ohio,39,Freestanding Birth Center,2,December,12,49,0.00%
,Ohio,39,Home (intended),3,January,1,94,0.00%
,Ohio,39,Home (intended),3,February,2,116,0.00%
,Ohio,39,Home (intended),3,March,3,100,0.00%
,Ohio,39,Home (intended),3,April,4,94,0.00%
,Ohio,39,Home (intended),3,May,5,110,0.00%
,Ohio,39,Home (intended),3,June,6,105,0.00%
,Ohio,39,Home (intended),3,July,7,115,0.00%
,Ohio,39,Home (intended),3,August,8,127,0.00%
,Ohio,39,Home (intended),3,September,9,111,0.00%
,Ohio,39,Home (intended),3,October,10,116,0.00%
,Ohio,39,Home (intended),3,November,11,115,0.00%
,Ohio,39,Home (intended),3,December,12,96,0.00%
,Ohio,39,Home (not intended) ,4,January,1,25,0.00%
,Ohio,39,Home (not intended) ,4,February,2,28,0.00%
,Ohio,39,Home (not intended) ,4,March,3,26,0.00%
,Ohio,39,Home (not intended) ,4,April,4,24,0.00%
,Ohio,39,Home (not intended) ,4,May,5,21,0.00%
,Ohio,39,Home (not intended) ,4,June,6,26,0.00%
,Ohio,39,Home (not intended) ,4,July,7,33,0.00%
,Ohio,39,Home (not intended) ,4,August,8,21,0.00%
,Ohio,39,Home (not intended) ,4,September,9,21,0.00%
,Ohio,39,Home (not intended) ,4,October,10,25,0.00%
,Ohio,39,Home (not intended) ,4,November,11,25,0.00%
,Ohio,39,Home (not intended) ,4,December,12,23,0.00%
,Ohio,39,Other,7,March,3,10,0.00%
,Ohio,39,Other,7,August,8,13,0.00%
,Ohio,39,Other,7,September,9,10,0.00%
,Ohio,39,Other,7,October,10,11,0.00%
,Oklahoma,40,Hospital,1,January,1,4089,0.11%
,Oklahoma,40,Hospital,1,February,2,3521,0.09%
,Oklahoma,40,Hospital,1,March,3,3870,0.10%
,Oklahoma,40,Hospital,1,April,4,3858,0.10%
,Oklahoma,40,Hospital,1,May,5,4059,0.11%
,Oklahoma,40,Hospital,1,June,6,3849,0.10%
,Oklahoma,40,Hospital,1,July,7,4290,0.11%
,Oklahoma,40,Hospital,1,August,8,4411,0.12%
,Oklahoma,40,Hospital,1,September,9,4264,0.11%
,Oklahoma,40,Hospital,1,October,10,4230,0.11%
,Oklahoma,40,Hospital,1,November,11,3854,0.10%
,Oklahoma,40,Hospital,1,December,12,4113,0.11%
,Oklahoma,40,Freestanding Birth Center,2,January,1,15,0.00%
,Oklahoma,40,Freestanding Birth Center,2,February,2,14,0.00%
,Oklahoma,40,Freestanding Birth Center,2,March,3,11,0.00%
,Oklahoma,40,Freestanding Birth Center,2,April,4,16,0.00%
,Oklahoma,40,Freestanding Birth Center,2,May,5,16,0.00%
,Oklahoma,40,Freestanding Birth Center,2,June,6,11,0.00%
,Oklahoma,40,Freestanding Birth Center,2,July,7,11,0.00%
,Oklahoma,40,Freestanding Birth Center,2,August,8,17,0.00%
,Oklahoma,40,Freestanding Birth Center,2,September,9,12,0.00%
,Oklahoma,40,Freestanding Birth Center,2,October,10,16,0.00%
,Oklahoma,40,Freestanding Birth Center,2,November,11,18,0.00%
,Oklahoma,40,Freestanding Birth Center,2,December,12,21,0.00%
,Oklahoma,40,Home (intended),3,January,1,43,0.00%
,Oklahoma,40,Home (intended),3,February,2,34,0.00%
,Oklahoma,40,Home (intended),3,March,3,34,0.00%
,Oklahoma,40,Home (intended),3,April,4,35,0.00%
,Oklahoma,40,Home (intended),3,May,5,41,0.00%
,Oklahoma,40,Home (intended),3,June,6,35,0.00%
,Oklahoma,40,Home (intended),3,July,7,31,0.00%
,Oklahoma,40,Home (intended),3,August,8,54,0.00%
,Oklahoma,40,Home (intended),3,September,9,30,0.00%
,Oklahoma,40,Home (intended),3,October,10,41,0.00%
,Oklahoma,40,Home (intended),3,November,11,29,0.00%
,Oklahoma,40,Home (intended),3,December,12,32,0.00%
,Oklahoma,40,Home (not intended) ,4,May,5,10,0.00%
,Oregon,41,Hospital,1,January,1,3348,0.09%
,Oregon,41,Hospital,1,February,2,3120,0.08%
,Oregon,41,Hospital,1,March,3,3383,0.09%
,Oregon,41,Hospital,1,April,4,3370,0.09%
,Oregon,41,Hospital,1,May,5,3481,0.09%
,Oregon,41,Hospital,1,June,6,3515,0.09%
,Oregon,41,Hospital,1,July,7,3613,0.10%
,Oregon,41,Hospital,1,August,8,3492,0.09%
,Oregon,41,Hospital,1,September,9,3344,0.09%
,Oregon,41,Hospital,1,October,10,3375,0.09%
,Oregon,41,Hospital,1,November,11,3154,0.08%
,Oregon,41,Hospital,1,December,12,3241,0.09%
,Oregon,41,Freestanding Birth Center,2,January,1,38,0.00%
,Oregon,41,Freestanding Birth Center,2,February,2,32,0.00%
,Oregon,41,Freestanding Birth Center,2,March,3,53,0.00%
,Oregon,41,Freestanding Birth Center,2,April,4,48,0.00%
,Oregon,41,Freestanding Birth Center,2,May,5,37,0.00%
,Oregon,41,Freestanding Birth Center,2,June,6,41,0.00%
,Oregon,41,Freestanding Birth Center,2,July,7,55,0.00%
,Oregon,41,Freestanding Birth Center,2,August,8,53,0.00%
,Oregon,41,Freestanding Birth Center,2,September,9,39,0.00%
,Oregon,41,Freestanding Birth Center,2,October,10,54,0.00%
,Oregon,41,Freestanding Birth Center,2,November,11,40,0.00%
,Oregon,41,Freestanding Birth Center,2,December,12,35,0.00%
,Oregon,41,Home (intended),3,January,1,64,0.00%
,Oregon,41,Home (intended),3,February,2,66,0.00%
,Oregon,41,Home (intended),3,March,3,74,0.00%
,Oregon,41,Home (intended),3,April,4,73,0.00%
,Oregon,41,Home (intended),3,May,5,62,0.00%
,Oregon,41,Home (intended),3,June,6,73,0.00%
,Oregon,41,Home (intended),3,July,7,65,0.00%
,Oregon,41,Home (intended),3,August,8,78,0.00%
,Oregon,41,Home (intended),3,September,9,62,0.00%
,Oregon,41,Home (intended),3,October,10,66,0.00%
,Oregon,41,Home (intended),3,November,11,47,0.00%
,Oregon,41,Home (intended),3,December,12,59,0.00%
,Oregon,41,Home (not intended) ,4,July,7,10,0.00%
,Pennsylvania,42,Hospital,1,January,1,10728,0.29%
,Pennsylvania,42,Hospital,1,February,2,9536,0.25%
,Pennsylvania,42,Hospital,1,March,3,10601,0.28%
,Pennsylvania,42,Hospital,1,April,4,10480,0.28%
,Pennsylvania,42,Hospital,1,May,5,10907,0.29%
,Pennsylvania,42,Hospital,1,June,6,10649,0.28%
,Pennsylvania,42,Hospital,1,July,7,11666,0.31%
,Pennsylvania,42,Hospital,1,August,8,11880,0.32%
,Pennsylvania,42,Hospital,1,September,9,11263,0.30%
,Pennsylvania,42,Hospital,1,October,10,11164,0.30%
,Pennsylvania,42,Hospital,1,November,11,10002,0.27%
,Pennsylvania,42,Hospital,1,December,12,10438,0.28%
,Pennsylvania,42,Freestanding Birth Center,2,January,1,129,0.00%
,Pennsylvania,42,Freestanding Birth Center,2,February,2,141,0.00%
,Pennsylvania,42,Freestanding Birth Center,2,March,3,137,0.00%
,Pennsylvania,42,Freestanding Birth Center,2,April,4,133,0.00%
,Pennsylvania,42,Freestanding Birth Center,2,May,5,157,0.00%
,Pennsylvania,42,Freestanding Birth Center,2,June,6,129,0.00%
,Pennsylvania,42,Freestanding Birth Center,2,July,7,165,0.00%
,Pennsylvania,42,Freestanding Birth Center,2,August,8,121,0.00%
,Pennsylvania,42,Freestanding Birth Center,2,September,9,162,0.00%
,Pennsylvania,42,Freestanding Birth Center,2,October,10,150,0.00%
,Pennsylvania,42,Freestanding Birth Center,2,November,11,142,0.00%
,Pennsylvania,42,Freestanding Birth Center,2,December,12,135,0.00%
,Pennsylvania,42,Home (intended),3,January,1,209,0.01%
,Pennsylvania,42,Home (intended),3,February,2,173,0.00%
,Pennsylvania,42,Home (intended),3,March,3,197,0.01%
,Pennsylvania,42,Home (intended),3,April,4,164,0.00%
,Pennsylvania,42,Home (intended),3,May,5,176,0.00%
,Pennsylvania,42,Home (intended),3,June,6,176,0.00%
,Pennsylvania,42,Home (intended),3,July,7,186,0.00%
,Pennsylvania,42,Home (intended),3,August,8,213,0.01%
,Pennsylvania,42,Home (intended),3,September,9,246,0.01%
,Pennsylvania,42,Home (intended),3,October,10,198,0.01%
,Pennsylvania,42,Home (intended),3,November,11,190,0.01%
,Pennsylvania,42,Home (intended),3,December,12,199,0.01%
,Pennsylvania,42,Home (not intended) ,4,January,1,18,0.00%
,Pennsylvania,42,Home (not intended) ,4,February,2,19,0.00%
,Pennsylvania,42,Home (not intended) ,4,March,3,19,0.00%
,Pennsylvania,42,Home (not intended) ,4,April,4,19,0.00%
,Pennsylvania,42,Home (not intended) ,4,May,5,13,0.00%
,Pennsylvania,42,Home (not intended) ,4,June,6,15,0.00%
,Pennsylvania,42,Home (not intended) ,4,July,7,22,0.00%
,Pennsylvania,42,Home (not intended) ,4,August,8,23,0.00%
,Pennsylvania,42,Home (not intended) ,4,September,9,21,0.00%
,Pennsylvania,42,Home (not intended) ,4,October,10,21,0.00%
,Pennsylvania,42,Home (not intended) ,4,November,11,17,0.00%
,Pennsylvania,42,Home (not intended) ,4,December,12,25,0.00%
,Pennsylvania,42,Other,7,January,1,39,0.00%
,Pennsylvania,42,Other,7,February,2,49,0.00%
,Pennsylvania,42,Other,7,March,3,50,0.00%
,Pennsylvania,42,Other,7,April,4,34,0.00%
,Pennsylvania,42,Other,7,May,5,35,0.00%
,Pennsylvania,42,Other,7,June,6,48,0.00%
,Pennsylvania,42,Other,7,July,7,48,0.00%
,Pennsylvania,42,Other,7,August,8,64,0.00%
,Pennsylvania,42,Other,7,September,9,67,0.00%
,Pennsylvania,42,Other,7,October,10,71,0.00%
,Pennsylvania,42,Other,7,November,11,45,0.00%
,Pennsylvania,42,Other,7,December,12,51,0.00%
,Rhode Island,44,Hospital,1,January,1,862,0.02%
,Rhode Island,44,Hospital,1,February,2,756,0.02%
,Rhode Island,44,Hospital,1,March,3,806,0.02%
,Rhode Island,44,Hospital,1,April,4,804,0.02%
,Rhode Island,44,Hospital,1,May,5,884,0.02%
,Rhode Island,44,Hospital,1,June,6,853,0.02%
,Rhode Island,44,Hospital,1,July,7,872,0.02%
,Rhode Island,44,Hospital,1,August,8,885,0.02%
,Rhode Island,44,Hospital,1,September,9,921,0.02%
,Rhode Island,44,Hospital,1,October,10,880,0.02%
,Rhode Island,44,Hospital,1,November,11,794,0.02%
,Rhode Island,44,Hospital,1,December,12,807,0.02%
,South Carolina,45,Hospital,1,January,1,4862,0.13%
,South Carolina,45,Hospital,1,February,2,4189,0.11%
,South Carolina,45,Hospital,1,March,3,4521,0.12%
,South Carolina,45,Hospital,1,April,4,4372,0.12%
,South Carolina,45,Hospital,1,May,5,4769,0.13%
,South Carolina,45,Hospital,1,June,6,4364,0.12%
,South Carolina,45,Hospital,1,July,7,4969,0.13%
,South Carolina,45,Hospital,1,August,8,5233,0.14%
,South Carolina,45,Hospital,1,September,9,4844,0.13%
,South Carolina,45,Hospital,1,October,10,4937,0.13%
,South Carolina,45,Hospital,1,November,11,4432,0.12%
,South Carolina,45,Hospital,1,December,12,4732,0.13%
,South Carolina,45,Freestanding Birth Center,2,January,1,35,0.00%
,South Carolina,45,Freestanding Birth Center,2,February,2,39,0.00%
,South Carolina,45,Freestanding Birth Center,2,March,3,48,0.00%
,South Carolina,45,Freestanding Birth Center,2,April,4,46,0.00%
,South Carolina,45,Freestanding Birth Center,2,May,5,46,0.00%
,South Carolina,45,Freestanding Birth Center,2,June,6,42,0.00%
,South Carolina,45,Freestanding Birth Center,2,July,7,37,0.00%
,South Carolina,45,Freestanding Birth Center,2,August,8,36,0.00%
,South Carolina,45,Freestanding Birth Center,2,September,9,31,0.00%
,South Carolina,45,Freestanding Birth Center,2,October,10,27,0.00%
,South Carolina,45,Freestanding Birth Center,2,November,11,28,0.00%
,South Carolina,45,Freestanding Birth Center,2,December,12,28,0.00%
,South Carolina,45,Home (intended),3,January,1,22,0.00%
,South Carolina,45,Home (intended),3,February,2,23,0.00%
,South Carolina,45,Home (intended),3,March,3,29,0.00%
,South Carolina,45,Home (intended),3,April,4,19,0.00%
,South Carolina,45,Home (intended),3,May,5,24,0.00%
,South Carolina,45,Home (intended),3,June,6,17,0.00%
,South Carolina,45,Home (intended),3,July,7,27,0.00%
,South Carolina,45,Home (intended),3,August,8,34,0.00%
,South Carolina,45,Home (intended),3,September,9,19,0.00%
,South Carolina,45,Home (intended),3,October,10,16,0.00%
,South Carolina,45,Home (intended),3,November,11,25,0.00%
,South Carolina,45,Home (intended),3,December,12,26,0.00%
,South Carolina,45,Home (not intended) ,4,April,4,11,0.00%
,South Dakota,46,Hospital,1,January,1,891,0.02%
,South Dakota,46,Hospital,1,February,2,885,0.02%
,South Dakota,46,Hospital,1,March,3,921,0.02%
,South Dakota,46,Hospital,1,April,4,940,0.03%
,South Dakota,46,Hospital,1,May,5,987,0.03%
,South Dakota,46,Hospital,1,June,6,1019,0.03%
,South Dakota,46,Hospital,1,July,7,976,0.03%
,South Dakota,46,Hospital,1,August,8,1041,0.03%
,South Dakota,46,Hospital,1,September,9,963,0.03%
,South Dakota,46,Hospital,1,October,10,959,0.03%
,South Dakota,46,Hospital,1,November,11,849,0.02%
,South Dakota,46,Hospital,1,December,12,924,0.02%
,South Dakota,46,Home (intended),3,October,10,11,0.00%
,Tennessee,47,Hospital,1,January,1,6682,0.18%
,Tennessee,47,Hospital,1,February,2,5862,0.16%
,Tennessee,47,Hospital,1,March,3,6215,0.17%
,Tennessee,47,Hospital,1,April,4,6269,0.17%
,Tennessee,47,Hospital,1,May,5,6785,0.18%
,Tennessee,47,Hospital,1,June,6,6240,0.17%
,Tennessee,47,Hospital,1,July,7,6957,0.19%
,Tennessee,47,Hospital,1,August,8,7247,0.19%
,Tennessee,47,Hospital,1,September,9,6931,0.18%
,Tennessee,47,Hospital,1,October,10,6972,0.19%
,Tennessee,47,Hospital,1,November,11,6233,0.17%
,Tennessee,47,Hospital,1,December,12,6761,0.18%
,Tennessee,47,Freestanding Birth Center,2,January,1,28,0.00%
,Tennessee,47,Freestanding Birth Center,2,February,2,20,0.00%
,Tennessee,47,Freestanding Birth Center,2,March,3,23,0.00%
,Tennessee,47,Freestanding Birth Center,2,April,4,43,0.00%
,Tennessee,47,Freestanding Birth Center,2,May,5,27,0.00%
,Tennessee,47,Freestanding Birth Center,2,June,6,27,0.00%
,Tennessee,47,Freestanding Birth Center,2,July,7,20,0.00%
,Tennessee,47,Freestanding Birth Center,2,August,8,26,0.00%
,Tennessee,47,Freestanding Birth Center,2,September,9,34,0.00%
,Tennessee,47,Freestanding Birth Center,2,October,10,29,0.00%
,Tennessee,47,Freestanding Birth Center,2,November,11,24,0.00%
,Tennessee,47,Freestanding Birth Center,2,December,12,20,0.00%
,Tennessee,47,Home (intended),3,January,1,78,0.00%
,Tennessee,47,Home (intended),3,February,2,67,0.00%
,Tennessee,47,Home (intended),3,March,3,79,0.00%
,Tennessee,47,Home (intended),3,April,4,69,0.00%
,Tennessee,47,Home (intended),3,May,5,68,0.00%
,Tennessee,47,Home (intended),3,June,6,73,0.00%
,Tennessee,47,Home (intended),3,July,7,80,0.00%
,Tennessee,47,Home (intended),3,August,8,77,0.00%
,Tennessee,47,Home (intended),3,September,9,68,0.00%
,Tennessee,47,Home (intended),3,October,10,70,0.00%
,Tennessee,47,Home (intended),3,November,11,57,0.00%
,Tennessee,47,Home (intended),3,December,12,56,0.00%
,Tennessee,47,Home (not intended) ,4,January,1,10,0.00%
,Tennessee,47,Home (not intended) ,4,September,9,12,0.00%
,Tennessee,47,Home (not intended) ,4,November,11,11,0.00%
,Tennessee,47,Home (not intended) ,4,December,12,14,0.00%
,Texas,48,Hospital,1,January,1,31103,0.83%
,Texas,48,Hospital,1,February,2,27501,0.73%
,Texas,48,Hospital,1,March,3,29036,0.77%
,Texas,48,Hospital,1,April,4,29120,0.78%
,Texas,48,Hospital,1,May,5,30950,0.83%
,Texas,48,Hospital,1,June,6,29622,0.79%
,Texas,48,Hospital,1,July,7,33170,0.89%
,Texas,48,Hospital,1,August,8,33942,0.91%
,Texas,48,Hospital,1,September,9,32789,0.87%
,Texas,48,Hospital,1,October,10,32955,0.88%
,Texas,48,Hospital,1,November,11,30012,0.80%
,Texas,48,Hospital,1,December,12,31956,0.85%
,Texas,48,Freestanding Birth Center,2,January,1,230,0.01%
,Texas,48,Freestanding Birth Center,2,February,2,216,0.01%
,Texas,48,Freestanding Birth Center,2,March,3,229,0.01%
,Texas,48,Freestanding Birth Center,2,April,4,201,0.01%
,Texas,48,Freestanding Birth Center,2,May,5,219,0.01%
,Texas,48,Freestanding Birth Center,2,June,6,232,0.01%
,Texas,48,Freestanding Birth Center,2,July,7,262,0.01%
,Texas,48,Freestanding Birth Center,2,August,8,257,0.01%
,Texas,48,Freestanding Birth Center,2,September,9,259,0.01%
,Texas,48,Freestanding Birth Center,2,October,10,252,0.01%
,Texas,48,Freestanding Birth Center,2,November,11,236,0.01%
,Texas,48,Freestanding Birth Center,2,December,12,216,0.01%
,Texas,48,Home (intended),3,January,1,196,0.01%
,Texas,48,Home (intended),3,February,2,161,0.00%
,Texas,48,Home (intended),3,March,3,181,0.00%
,Texas,48,Home (intended),3,April,4,170,0.00%
,Texas,48,Home (intended),3,May,5,191,0.01%
,Texas,48,Home (intended),3,June,6,185,0.00%
,Texas,48,Home (intended),3,July,7,192,0.01%
,Texas,48,Home (intended),3,August,8,202,0.01%
,Texas,48,Home (intended),3,September,9,184,0.00%
,Texas,48,Home (intended),3,October,10,178,0.00%
,Texas,48,Home (intended),3,November,11,180,0.00%
,Texas,48,Home (intended),3,December,12,165,0.00%
,Texas,48,Home (not intended) ,4,January,1,45,0.00%
,Texas,48,Home (not intended) ,4,February,2,25,0.00%
,Texas,48,Home (not intended) ,4,March,3,24,0.00%
,Texas,48,Home (not intended) ,4,April,4,29,0.00%
,Texas,48,Home (not intended) ,4,May,5,34,0.00%
,Texas,48,Home (not intended) ,4,June,6,40,0.00%
,Texas,48,Home (not intended) ,4,July,7,23,0.00%
,Texas,48,Home (not intended) ,4,August,8,34,0.00%
,Texas,48,Home (not intended) ,4,September,9,25,0.00%
,Texas,48,Home (not intended) ,4,October,10,43,0.00%
,Texas,48,Home (not intended) ,4,November,11,23,0.00%
,Texas,48,Home (not intended) ,4,December,12,36,0.00%
,Utah,49,Hospital,1,January,1,3639,0.10%
,Utah,49,Hospital,1,February,2,3419,0.09%
,Utah,49,Hospital,1,March,3,3803,0.10%
,Utah,49,Hospital,1,April,4,3685,0.10%
,Utah,49,Hospital,1,May,5,4026,0.11%
,Utah,49,Hospital,1,June,6,3850,0.10%
,Utah,49,Hospital,1,July,7,4280,0.11%
,Utah,49,Hospital,1,August,8,4009,0.11%
,Utah,49,Hospital,1,September,9,3852,0.10%
,Utah,49,Hospital,1,October,10,3951,0.11%
,Utah,49,Hospital,1,November,11,3414,0.09%
,Utah,49,Hospital,1,December,12,3436,0.09%
,Utah,49,Freestanding Birth Center,2,January,1,38,0.00%
,Utah,49,Freestanding Birth Center,2,February,2,24,0.00%
,Utah,49,Freestanding Birth Center,2,March,3,44,0.00%
,Utah,49,Freestanding Birth Center,2,April,4,34,0.00%
,Utah,49,Freestanding Birth Center,2,May,5,39,0.00%
,Utah,49,Freestanding Birth Center,2,June,6,33,0.00%
,Utah,49,Freestanding Birth Center,2,July,7,38,0.00%
,Utah,49,Freestanding Birth Center,2,August,8,35,0.00%
,Utah,49,Freestanding Birth Center,2,September,9,43,0.00%
,Utah,49,Freestanding Birth Center,2,October,10,36,0.00%
,Utah,49,Freestanding Birth Center,2,November,11,22,0.00%
,Utah,49,Freestanding Birth Center,2,December,12,26,0.00%
,Utah,49,Home (intended),3,January,1,82,0.00%
,Utah,49,Home (intended),3,February,2,80,0.00%
,Utah,49,Home (intended),3,March,3,71,0.00%
,Utah,49,Home (intended),3,April,4,87,0.00%
,Utah,49,Home (intended),3,May,5,106,0.00%
,Utah,49,Home (intended),3,June,6,81,0.00%
,Utah,49,Home (intended),3,July,7,93,0.00%
,Utah,49,Home (intended),3,August,8,79,0.00%
,Utah,49,Home (intended),3,September,9,82,0.00%
,Utah,49,Home (intended),3,October,10,78,0.00%
,Utah,49,Home (intended),3,November,11,62,0.00%
,Utah,49,Home (intended),3,December,12,76,0.00%
,Vermont,50,Hospital,1,January,1,417,0.01%
,Vermont,50,Hospital,1,February,2,384,0.01%
,Vermont,50,Hospital,1,March,3,444,0.01%
,Vermont,50,Hospital,1,April,4,431,0.01%
,Vermont,50,Hospital,1,May,5,462,0.01%
,Vermont,50,Hospital,1,June,6,497,0.01%
,Vermont,50,Hospital,1,July,7,482,0.01%
,Vermont,50,Hospital,1,August,8,444,0.01%
,Vermont,50,Hospital,1,September,9,444,0.01%
,Vermont,50,Hospital,1,October,10,434,0.01%
,Vermont,50,Hospital,1,November,11,396,0.01%
,Vermont,50,Hospital,1,December,12,392,0.01%
,Vermont,50,Home (intended),3,April,4,11,0.00%
,Vermont,50,Home (intended),3,June,6,10,0.00%
,Vermont,50,Home (intended),3,July,7,10,0.00%
,Vermont,50,Home (intended),3,August,8,14,0.00%
,Vermont,50,Home (intended),3,September,9,14,0.00%
,Vermont,50,Home (intended),3,October,10,11,0.00%
,Vermont,50,Home (intended),3,November,11,10,0.00%
,Vermont,50,Home (intended),3,December,12,12,0.00%
,Virginia,51,Hospital,1,January,1,7927,0.21%
,Virginia,51,Hospital,1,February,2,7092,0.19%
,Virginia,51,Hospital,1,March,3,8045,0.21%
,Virginia,51,Hospital,1,April,4,7741,0.21%
,Virginia,51,Hospital,1,May,5,8169,0.22%
,Virginia,51,Hospital,1,June,6,7675,0.20%
,Virginia,51,Hospital,1,July,7,8507,0.23%
,Virginia,51,Hospital,1,August,8,8691,0.23%
,Virginia,51,Hospital,1,September,9,8579,0.23%
,Virginia,51,Hospital,1,October,10,8010,0.21%
,Virginia,51,Hospital,1,November,11,7802,0.21%
,Virginia,51,Hospital,1,December,12,7847,0.21%
,Virginia,51,Freestanding Birth Center,2,January,1,28,0.00%
,Virginia,51,Freestanding Birth Center,2,February,2,28,0.00%
,Virginia,51,Freestanding Birth Center,2,March,3,37,0.00%
,Virginia,51,Freestanding Birth Center,2,April,4,31,0.00%
,Virginia,51,Freestanding Birth Center,2,May,5,23,0.00%
,Virginia,51,Freestanding Birth Center,2,June,6,35,0.00%
,Virginia,51,Freestanding Birth Center,2,July,7,39,0.00%
,Virginia,51,Freestanding Birth Center,2,August,8,38,0.00%
,Virginia,51,Freestanding Birth Center,2,September,9,38,0.00%
,Virginia,51,Freestanding Birth Center,2,October,10,27,0.00%
,Virginia,51,Freestanding Birth Center,2,November,11,25,0.00%
,Virginia,51,Freestanding Birth Center,2,December,12,27,0.00%
,Virginia,51,Home (intended),3,January,1,50,0.00%
,Virginia,51,Home (intended),3,February,2,56,0.00%
,Virginia,51,Home (intended),3,March,3,71,0.00%
,Virginia,51,Home (intended),3,April,4,72,0.00%
,Virginia,51,Home (intended),3,May,5,67,0.00%
,Virginia,51,Home (intended),3,June,6,59,0.00%
,Virginia,51,Home (intended),3,July,7,66,0.00%
,Virginia,51,Home (intended),3,August,8,67,0.00%
,Virginia,51,Home (intended),3,September,9,69,0.00%
,Virginia,51,Home (intended),3,October,10,72,0.00%
,Virginia,51,Home (intended),3,November,11,64,0.00%
,Virginia,51,Home (intended),3,December,12,60,0.00%
,Virginia,51,Home (not intended) ,4,February,2,16,0.00%
,Virginia,51,Home (not intended) ,4,March,3,10,0.00%
,Virginia,51,Home (not intended) ,4,April,4,16,0.00%
,Virginia,51,Home (not intended) ,4,May,5,13,0.00%
,Virginia,51,Home (not intended) ,4,June,6,14,0.00%
,Virginia,51,Home (not intended) ,4,July,7,15,0.00%
,Virginia,51,Home (not intended) ,4,August,8,11,0.00%
,Virginia,51,Home (not intended) ,4,September,9,16,0.00%
,Virginia,51,Home (not intended) ,4,October,10,17,0.00%
,Virginia,51,Home (not intended) ,4,November,11,11,0.00%
,Virginia,51,Home (not intended) ,4,December,12,11,0.00%
,Washington,53,Hospital,1,January,1,6573,0.18%
,Washington,53,Hospital,1,February,2,6172,0.16%
,Washington,53,Hospital,1,March,3,7015,0.19%
,Washington,53,Hospital,1,April,4,6671,0.18%
,Washington,53,Hospital,1,May,5,7193,0.19%
,Washington,53,Hospital,1,June,6,6959,0.19%
,Washington,53,Hospital,1,July,7,7427,0.20%
,Washington,53,Hospital,1,August,8,7419,0.20%
,Washington,53,Hospital,1,September,9,6927,0.18%
,Washington,53,Hospital,1,October,10,6792,0.18%
,Washington,53,Hospital,1,November,11,6242,0.17%
,Washington,53,Hospital,1,December,12,6441,0.17%
,Washington,53,Freestanding Birth Center,2,January,1,98,0.00%
,Washington,53,Freestanding Birth Center,2,February,2,89,0.00%
,Washington,53,Freestanding Birth Center,2,March,3,94,0.00%
,Washington,53,Freestanding Birth Center,2,April,4,114,0.00%
,Washington,53,Freestanding Birth Center,2,May,5,141,0.00%
,Washington,53,Freestanding Birth Center,2,June,6,91,0.00%
,Washington,53,Freestanding Birth Center,2,July,7,118,0.00%
,Washington,53,Freestanding Birth Center,2,August,8,105,0.00%
,Washington,53,Freestanding Birth Center,2,September,9,92,0.00%
,Washington,53,Freestanding Birth Center,2,October,10,101,0.00%
,Washington,53,Freestanding Birth Center,2,November,11,107,0.00%
,Washington,53,Freestanding Birth Center,2,December,12,80,0.00%
,Washington,53,Home (intended),3,January,1,128,0.00%
,Washington,53,Home (intended),3,February,2,122,0.00%
,Washington,53,Home (intended),3,March,3,150,0.00%
,Washington,53,Home (intended),3,April,4,135,0.00%
,Washington,53,Home (intended),3,May,5,168,0.00%
,Washington,53,Home (intended),3,June,6,157,0.00%
,Washington,53,Home (intended),3,July,7,153,0.00%
,Washington,53,Home (intended),3,August,8,147,0.00%
,Washington,53,Home (intended),3,September,9,150,0.00%
,Washington,53,Home (intended),3,October,10,107,0.00%
,Washington,53,Home (intended),3,November,11,113,0.00%
,Washington,53,Home (intended),3,December,12,118,0.00%
,Washington,53,Home (not intended) ,4,February,2,10,0.00%
,Washington,53,Home (not intended) ,4,July,7,10,0.00%
,Washington,53,Home (not intended) ,4,August,8,12,0.00%
,Washington,53,Home (not intended) ,4,October,10,11,0.00%
,Washington,53,Other,7,May,5,11,0.00%
,West Virginia,54,Hospital,1,January,1,1441,0.04%
,West Virginia,54,Hospital,1,February,2,1298,0.03%
,West Virginia,54,Hospital,1,March,3,1444,0.04%
,West Virginia,54,Hospital,1,April,4,1471,0.04%
,West Virginia,54,Hospital,1,May,5,1608,0.04%
,West Virginia,54,Hospital,1,June,6,1408,0.04%
,West Virginia,54,Hospital,1,July,7,1615,0.04%
,West Virginia,54,Hospital,1,August,8,1668,0.04%
,West Virginia,54,Hospital,1,September,9,1622,0.04%
,West Virginia,54,Hospital,1,October,10,1448,0.04%
,West Virginia,54,Hospital,1,November,11,1428,0.04%
,West Virginia,54,Hospital,1,December,12,1499,0.04%
,West Virginia,54,Home (intended),3,January,1,13,0.00%
,West Virginia,54,Home (intended),3,June,6,11,0.00%
,Wisconsin,55,Hospital,1,January,1,4940,0.13%
,Wisconsin,55,Hospital,1,February,2,4536,0.12%
,Wisconsin,55,Hospital,1,March,3,5063,0.14%
,Wisconsin,55,Hospital,1,April,4,4986,0.13%
,Wisconsin,55,Hospital,1,May,5,5431,0.14%
,Wisconsin,55,Hospital,1,June,6,5195,0.14%
,Wisconsin,55,Hospital,1,July,7,5506,0.15%
,Wisconsin,55,Hospital,1,August,8,5591,0.15%
,Wisconsin,55,Hospital,1,September,9,5247,0.14%
,Wisconsin,55,Hospital,1,October,10,5182,0.14%
,Wisconsin,55,Hospital,1,November,11,4776,0.13%
,Wisconsin,55,Hospital,1,December,12,4828,0.13%
,Wisconsin,55,Freestanding Birth Center,2,January,1,19,0.00%
,Wisconsin,55,Freestanding Birth Center,2,February,2,20,0.00%
,Wisconsin,55,Freestanding Birth Center,2,March,3,18,0.00%
,Wisconsin,55,Freestanding Birth Center,2,April,4,25,0.00%
,Wisconsin,55,Freestanding Birth Center,2,May,5,27,0.00%
,Wisconsin,55,Freestanding Birth Center,2,June,6,26,0.00%
,Wisconsin,55,Freestanding Birth Center,2,July,7,21,0.00%
,Wisconsin,55,Freestanding Birth Center,2,August,8,19,0.00%
,Wisconsin,55,Freestanding Birth Center,2,September,9,23,0.00%
,Wisconsin,55,Freestanding Birth Center,2,October,10,21,0.00%
,Wisconsin,55,Freestanding Birth Center,2,November,11,23,0.00%
,Wisconsin,55,Freestanding Birth Center,2,December,12,25,0.00%
,Wisconsin,55,Home (intended),3,January,1,137,0.00%
,Wisconsin,55,Home (intended),3,February,2,123,0.00%
,Wisconsin,55,Home (intended),3,March,3,135,0.00%
,Wisconsin,55,Home (intended),3,April,4,140,0.00%
,Wisconsin,55,Home (intended),3,May,5,119,0.00%
,Wisconsin,55,Home (intended),3,June,6,141,0.00%
,Wisconsin,55,Home (intended),3,July,7,141,0.00%
,Wisconsin,55,Home (intended),3,August,8,126,0.00%
,Wisconsin,55,Home (intended),3,September,9,131,0.00%
,Wisconsin,55,Home (intended),3,October,10,139,0.00%
,Wisconsin,55,Home (intended),3,November,11,127,0.00%
,Wisconsin,55,Home (intended),3,December,12,130,0.00%
,Wisconsin,55,Clinic / Doctor's Office,6,January,1,11,0.00%
,Wisconsin,55,Clinic / Doctor's Office,6,April,4,10,0.00%
,Wisconsin,55,Clinic / Doctor's Office,6,May,5,13,0.00%
,Wisconsin,55,Clinic / Doctor's Office,6,June,6,12,0.00%
,Wisconsin,55,Clinic / Doctor's Office,6,July,7,10,0.00%
,Wisconsin,55,Clinic / Doctor's Office,6,August,8,14,0.00%
,Wisconsin,55,Clinic / Doctor's Office,6,October,10,10,0.00%
,Wisconsin,55,Clinic / Doctor's Office,6,November,11,10,0.00%
,Wyoming,56,Hospital,1,January,1,528,0.01%
,Wyoming,56,Hospital,1,February,2,501,0.01%
,Wyoming,56,Hospital,1,March,3,544,0.01%
,Wyoming,56,Hospital,1,April,4,517,0.01%
,Wyoming,56,Hospital,1,May,5,621,0.02%
,Wyoming,56,Hospital,1,June,6,531,0.01%
,Wyoming,56,Hospital,1,July,7,582,0.02%
,Wyoming,56,Hospital,1,August,8,573,0.02%
,Wyoming,56,Hospital,1,September,9,552,0.01%
,Wyoming,56,Hospital,1,October,10,484,0.01%
,Wyoming,56,Hospital,1,November,11,493,0.01%
,Wyoming,56,Hospital,1,December,12,496,0.01%
,Wyoming,56,Home (intended),3,January,1,12,0.00%
,Wyoming,56,Home (intended),3,March,3,10,0.00%
,Wyoming,56,Home (intended),3,April,4,13,0.00%
,Wyoming,56,Home (intended),3,June,6,14,0.00%
,Wyoming,56,Home (intended),3,July,7,11,0.00%
,Wyoming,56,Home (intended),3,August,8,18,0.00%
,Wyoming,56,Home (intended),3,September,9,11,0.00%
---,,,,,,,,
"Dataset: Natality, 2016-2019 expanded",,,,,,,,
Query Parameters:,,,,,,,,
Year: 2019,,,,,,,,
Group By: State of Residence; Birthplace; Month,,,,,,,,
Show Totals: Disabled,,,,,,,,
Show Zero Values: False,,,,,,,,
Show Suppressed: False,,,,,,,,
"Calculate Rates Per: 1,000",,,,,,,,
---,,,,,,,,
Help: See http://wonder.cdc.gov/wonder/help/Natality-expanded.html for more information.,,,,,,,,
---,,,,,,,,
"Query Date: Jan 15, 2021 12:29:29 AM",,,,,,,,
---,,,,,,,,
"Suggested Citation: United States Department of Health and Human Services (US DHHS), Centers for Disease Control and Prevention",,,,,,,,
"(CDC), National Center for Health Statistics (NCHS), Division of Vital Statistics, Natality public-use data 2016-2019, on CDC",,,,,,,,
"WONDER Online Database, October 2020. Accessed at http://wonder.cdc.gov/natality-expanded-current.html on Jan 15, 2021 12:29:29",,,,,,,,
AM,,,,,,,,
---,,,,,,,,
Messages:,,,,,,,,
1. Totals are not available for these results due to suppression constraints. More Information:,,,,,,,,
http://wonder.cdc.gov/wonder/help/faq.html#Privacy.,,,,,,,,
2. Rows with suppressed Births are hidden. Use Quick Options above to show suppressed rows.,,,,,,,,
---,,,,,,,,
Caveats:,,,,,,,,
1. 'Suppressed' appears when the data do not meet the criteria for confidentiality constraints. More information:,,,,,,,,
http://wonder.cdc.gov/wonder/help/Natality-expanded.html#Assurance of Confidentiality.,,,,,,,,
2. Each birth record represents one living baby.,,,,,,,,
3. Please note that the Percent of Total presented here may not be consistent with percentages published by NCHS. NCHS excludes,,,,,,,,
"births categorized as ""Unknown"", ""Not Stated"", and ""Not on Certificate"" from the denominator when calculating percentages.",,,,,,,,
"4. California does not report whether home births were intended or not. Therefore, births in California homes are categorized as",,,,,,,,
"Home(unknown if intended) for the ""Birthplace"" variable.",,,,,,,,
